-- phpMyAdmin SQL Dump
-- version 5.2.1
-- https://www.phpmyadmin.net/
--
-- Host: 127.0.0.1
-- Waktu pembuatan: 02 Jun 2026 pada 16.11
-- Versi server: 10.4.32-MariaDB
-- Versi PHP: 8.1.25

SET SQL_MODE = "NO_AUTO_VALUE_ON_ZERO";
START TRANSACTION;
SET time_zone = "+00:00";


/*!40101 SET @OLD_CHARACTER_SET_CLIENT=@@CHARACTER_SET_CLIENT */;
/*!40101 SET @OLD_CHARACTER_SET_RESULTS=@@CHARACTER_SET_RESULTS */;
/*!40101 SET @OLD_COLLATION_CONNECTION=@@COLLATION_CONNECTION */;
/*!40101 SET NAMES utf8mb4 */;

--
-- Database: `lantaburateknologi`
--

-- --------------------------------------------------------

--
-- Struktur dari tabel `ai_daily_insights`
--

CREATE TABLE `ai_daily_insights` (
  `id` int(11) NOT NULL,
  `user_id` int(11) NOT NULL,
  `generated_date` date NOT NULL,
  `insights_json` longtext CHARACTER SET utf8mb4 COLLATE utf8mb4_bin NOT NULL CHECK (json_valid(`insights_json`)),
  `created_at` timestamp NOT NULL DEFAULT current_timestamp(),
  `updated_at` timestamp NOT NULL DEFAULT current_timestamp() ON UPDATE current_timestamp()
) ENGINE=InnoDB DEFAULT CHARSET=utf8mb4 COLLATE=utf8mb4_general_ci;

-- --------------------------------------------------------

--
-- Struktur dari tabel `alerts`
--

CREATE TABLE `alerts` (
  `id` int(11) NOT NULL,
  `user_id` int(11) NOT NULL,
  `device_id` int(11) DEFAULT NULL,
  `type` varchar(50) NOT NULL,
  `message` text NOT NULL,
  `severity` varchar(20) DEFAULT 'info',
  `is_read` tinyint(1) DEFAULT 0,
  `created_at` datetime DEFAULT current_timestamp(),
  `ai_insights` text DEFAULT NULL,
  `ai_recommendations` text DEFAULT NULL
) ENGINE=InnoDB DEFAULT CHARSET=utf8mb4 COLLATE=utf8mb4_general_ci;

--
-- Dumping data untuk tabel `alerts`
--

INSERT INTO `alerts` (`id`, `user_id`, `device_id`, `type`, `message`, `severity`, `is_read`, `created_at`, `ai_insights`, `ai_recommendations`) VALUES
(2, 4, 10, 'power_anomaly', '🟡 PERINGATAN: ⚠️ Anomali Daya Terdeteksi pada \'Mesin Pengemas Liquid\'! Daya saat ini: 630.6W. Daya normal: 271.1W (rata-rata dari 351 data historis). Ini adalah 2.3x lipat dari daya normal. Batas anomali: 542.2W (2.3260432467611x lipat).', 'warning', 0, '2026-05-28 12:36:36', NULL, NULL);

-- --------------------------------------------------------

--
-- Struktur dari tabel `devices`
--

CREATE TABLE `devices` (
  `id` int(11) NOT NULL,
  `device_id` varchar(50) NOT NULL,
  `device_name` varchar(100) NOT NULL DEFAULT 'Device',
  `device_type` varchar(225) DEFAULT NULL,
  `user_id` int(11) DEFAULT NULL,
  `location` varchar(100) DEFAULT NULL,
  `description` text DEFAULT NULL,
  `power_threshold` decimal(8,2) DEFAULT 10.00,
  `tarif_per_kwh` decimal(10,2) DEFAULT 1500.00,
  `last_seen` datetime DEFAULT NULL,
  `is_online` tinyint(1) DEFAULT 0,
  `is_active` tinyint(1) DEFAULT 1,
  `api_key` varchar(255) NOT NULL,
  `created_at` datetime DEFAULT current_timestamp(),
  `updated_at` datetime DEFAULT current_timestamp() ON UPDATE current_timestamp(),
  `estimated_standby_power_w` decimal(10,2) DEFAULT 0.50,
  `efficiency_rating` varchar(50) DEFAULT 'Medium',
  `purchase_date` date DEFAULT NULL,
  `anomaly_threshold_percent` decimal(5,2) DEFAULT 30.00,
  `negative_anomaly_threshold_percent` decimal(5,2) DEFAULT -50.00
) ENGINE=InnoDB DEFAULT CHARSET=utf8mb4 COLLATE=utf8mb4_general_ci;

--
-- Dumping data untuk tabel `devices`
--

INSERT INTO `devices` (`id`, `device_id`, `device_name`, `device_type`, `user_id`, `location`, `description`, `power_threshold`, `tarif_per_kwh`, `last_seen`, `is_online`, `is_active`, `api_key`, `created_at`, `updated_at`, `estimated_standby_power_w`, `efficiency_rating`, `purchase_date`, `anomaly_threshold_percent`, `negative_anomaly_threshold_percent`) VALUES
(10, '10:00:3B:D4:20:E4', 'Mesin Pengemas Liquid', 'Other', 4, 'Gedung Timur', 'Mesin pengemas liquid', 10.00, 1500.00, '2026-05-29 16:23:50', 1, 1, '4718a8ac11f524eccbb20ab0249b71c0d34aeea2b6a403753577bb0c96b9ac1d', '2026-05-26 09:09:10', '2026-05-29 16:23:50', 0.50, 'Medium', NULL, 30.00, -50.00),
(11, '1C:DB:D4:E2:BA:D4', 'Mesin Pengemas Feeder', 'Other', 4, 'Gedung Barat', 'Mesin Pengemas Feeder', 10.00, 1500.00, '2026-06-02 09:45:02', 1, 1, '9d08466c92ab197a454dca887768ec55fd37d14371f36e33595b08652f07623a', '2026-05-26 13:46:02', '2026-06-02 09:45:02', 0.50, 'Medium', NULL, 30.00, -50.00);

-- --------------------------------------------------------

--
-- Struktur dari tabel `device_registration_codes`
--

CREATE TABLE `device_registration_codes` (
  `id` int(11) NOT NULL,
  `user_id` int(11) NOT NULL,
  `registration_code` varchar(20) NOT NULL,
  `device_name_temp` varchar(255) DEFAULT NULL,
  `device_id` varchar(50) DEFAULT NULL,
  `device_name` varchar(100) DEFAULT 'New Device',
  `expires_at` datetime NOT NULL,
  `is_used` tinyint(1) DEFAULT 0,
  `created_at` datetime DEFAULT current_timestamp()
) ENGINE=InnoDB DEFAULT CHARSET=utf8mb4 COLLATE=utf8mb4_general_ci;

-- --------------------------------------------------------

--
-- Struktur dari tabel `energy_data`
--

CREATE TABLE `energy_data` (
  `id` int(11) NOT NULL,
  `device_id` int(11) NOT NULL,
  `power` decimal(12,6) NOT NULL,
  `voltage` decimal(12,6) NOT NULL,
  `current` decimal(12,6) NOT NULL,
  `energy` decimal(12,6) NOT NULL,
  `created_at` datetime DEFAULT current_timestamp(),
  `machine_status` varchar(10) DEFAULT 'OFF' COMMENT 'Status mesin: ON/OFF/UNKNOWN',
  `device_status` varchar(20) DEFAULT 'offline' COMMENT 'Status perangkat: online/offline'
) ENGINE=InnoDB DEFAULT CHARSET=utf8mb4 COLLATE=utf8mb4_general_ci;

--
-- Dumping data untuk tabel `energy_data`
--

INSERT INTO `energy_data` (`id`, `device_id`, `power`, `voltage`, `current`, `energy`, `created_at`, `machine_status`, `device_status`) VALUES
(5928, 11, 307.500200, 223.094000, 1.377390, 8.108759, '2026-05-26 14:43:25', 'ON', 'online'),
(5929, 10, 54.526000, 203.961000, 0.268090, 0.724779, '2026-05-26 14:43:33', 'ON', 'online'),
(5930, 11, 392.280500, 222.505200, 1.761623, 8.115302, '2026-05-26 14:44:25', 'ON', 'online'),
(5931, 10, 128.060600, 200.155400, 0.643796, 0.726915, '2026-05-26 14:44:33', 'ON', 'online'),
(5932, 11, 418.145500, 220.652500, 1.895463, 8.122274, '2026-05-26 14:45:25', 'ON', 'online'),
(5933, 10, 529.282800, 198.327300, 2.675031, 0.735740, '2026-05-26 14:45:33', 'ON', 'online'),
(5934, 11, 434.040900, 222.065200, 1.954778, 8.129512, '2026-05-26 14:46:25', 'ON', 'online'),
(5935, 10, 608.029000, 201.166800, 3.022557, 0.745879, '2026-05-26 14:46:33', 'ON', 'online'),
(5936, 11, 305.679800, 221.699600, 1.378824, 8.134609, '2026-05-26 14:47:25', 'ON', 'online'),
(5937, 10, 599.485400, 200.010800, 2.997248, 0.755875, '2026-05-26 14:47:33', 'ON', 'online'),
(5938, 11, 338.756500, 222.964400, 1.523506, 8.140258, '2026-05-26 14:48:25', 'ON', 'online'),
(5939, 10, 605.175000, 200.863800, 3.012799, 0.765967, '2026-05-26 14:48:33', 'ON', 'online'),
(5940, 11, 394.506200, 222.427100, 1.773747, 8.146837, '2026-05-26 14:49:25', 'ON', 'online'),
(5941, 10, 504.217200, 201.611900, 2.508156, 0.774375, '2026-05-26 14:49:33', 'ON', 'online'),
(5942, 11, 409.393700, 223.721100, 1.829335, 8.153664, '2026-05-26 14:50:25', 'ON', 'online'),
(5943, 10, 448.962700, 201.526100, 2.229322, 0.781861, '2026-05-26 14:50:33', 'ON', 'online'),
(5944, 11, 358.489200, 224.244200, 1.598327, 8.159641, '2026-05-26 14:51:25', 'ON', 'online'),
(5945, 10, 396.852500, 206.505300, 1.921665, 0.788479, '2026-05-26 14:51:33', 'ON', 'online'),
(5946, 11, 384.152800, 227.597800, 1.686673, 8.166049, '2026-05-26 14:52:25', 'ON', 'online'),
(5947, 10, 515.280600, 205.223200, 2.512474, 0.797071, '2026-05-26 14:52:33', 'ON', 'online'),
(5948, 11, 373.261600, 224.762700, 1.661244, 8.172273, '2026-05-26 14:53:25', 'ON', 'online'),
(5949, 10, 511.351200, 206.546300, 2.477617, 0.805598, '2026-05-26 14:53:33', 'ON', 'online'),
(5950, 11, 375.389600, 226.997800, 1.657192, 8.178532, '2026-05-26 14:54:25', 'ON', 'online'),
(5951, 10, 381.835900, 207.615400, 1.840819, 0.811965, '2026-05-26 14:54:33', 'ON', 'online'),
(5952, 11, 371.493500, 227.815300, 1.633832, 8.184727, '2026-05-26 14:55:25', 'ON', 'online'),
(5953, 10, 279.439500, 209.687100, 1.335381, 0.816624, '2026-05-26 14:55:33', 'ON', 'online'),
(5954, 11, 328.835000, 227.891900, 1.446166, 8.190210, '2026-05-26 14:56:26', 'ON', 'online'),
(5955, 10, 325.918500, 208.815200, 1.562229, 0.822059, '2026-05-26 14:56:33', 'ON', 'online'),
(5956, 11, 333.039100, 228.313600, 1.463162, 8.195762, '2026-05-26 14:57:25', 'ON', 'online'),
(5957, 10, 194.984000, 209.686300, 0.933429, 0.825310, '2026-05-26 14:57:33', 'ON', 'online'),
(5958, 11, 388.799700, 227.536700, 1.711208, 8.202245, '2026-05-26 14:58:26', 'ON', 'online'),
(5959, 10, 502.128400, 207.753000, 2.423377, 0.833683, '2026-05-26 14:58:33', 'ON', 'online'),
(5960, 11, 335.774100, 228.389900, 1.470437, 8.207844, '2026-05-26 14:59:26', 'ON', 'online'),
(5961, 10, 117.707500, 210.097500, 0.563331, 0.835646, '2026-05-26 14:59:33', 'ON', 'online'),
(5962, 11, 353.513400, 228.273900, 1.550141, 8.213737, '2026-05-26 15:00:26', 'ON', 'online'),
(5963, 10, 321.007200, 209.253700, 1.534210, 0.840999, '2026-05-26 15:00:33', 'ON', 'online'),
(5964, 11, 364.584500, 227.371600, 1.603349, 8.219815, '2026-05-26 15:01:28', 'ON', 'online'),
(5965, 10, 457.575200, 208.917800, 2.194238, 0.848629, '2026-05-26 15:01:36', 'ON', 'online'),
(5966, 11, 318.325100, 228.334100, 1.392838, 8.225325, '2026-05-26 15:02:32', 'ON', 'online'),
(5967, 10, 143.822700, 209.784500, 0.688654, 0.851296, '2026-05-26 15:02:44', 'ON', 'online'),
(5968, 11, 380.192300, 228.658700, 1.663847, 8.232256, '2026-05-26 15:03:32', 'ON', 'online'),
(5969, 10, 271.217400, 209.715100, 1.295691, 0.856689, '2026-05-26 15:03:43', 'ON', 'online'),
(5970, 11, 376.021900, 228.294600, 1.646908, 8.238522, '2026-05-26 15:04:32', 'ON', 'online'),
(5971, 10, 501.373000, 207.900400, 2.412446, 0.865050, '2026-05-26 15:04:43', 'ON', 'online'),
(5972, 11, 341.926300, 228.180000, 1.496480, 8.244225, '2026-05-26 15:05:32', 'ON', 'online'),
(5973, 10, 231.789600, 209.505800, 1.110284, 0.868915, '2026-05-26 15:05:43', 'ON', 'online'),
(5974, 10, 183.359200, 209.483300, 0.877373, 0.871973, '2026-05-26 15:06:43', 'ON', 'online'),
(5975, 11, 326.545400, 227.472500, 1.435536, 8.256593, '2026-05-26 15:07:36', 'ON', 'online'),
(5976, 10, 505.823100, 208.383600, 2.428721, 0.880407, '2026-05-26 15:07:43', 'ON', 'online'),
(5977, 11, 370.583800, 229.927000, 1.612559, 8.262774, '2026-05-26 15:08:36', 'ON', 'online'),
(5978, 10, 241.654700, 209.618100, 1.159521, 0.884437, '2026-05-26 15:08:43', 'ON', 'online'),
(5979, 11, 388.873500, 227.828400, 1.706103, 8.269257, '2026-05-26 15:09:36', 'ON', 'online'),
(5980, 10, 230.677700, 208.870400, 1.108460, 0.888283, '2026-05-26 15:09:43', 'ON', 'online'),
(5981, 11, 352.495100, 228.036700, 1.545265, 8.275135, '2026-05-26 15:10:36', 'ON', 'online'),
(5982, 10, 387.076400, 208.492900, 1.861903, 0.894738, '2026-05-26 15:10:43', 'ON', 'online'),
(5983, 11, 364.337500, 227.419900, 1.602385, 8.281208, '2026-05-26 15:11:37', 'ON', 'online'),
(5984, 10, 368.932600, 209.204800, 1.765143, 0.900890, '2026-05-26 15:11:44', 'ON', 'online'),
(5985, 11, 420.896100, 228.193600, 1.845194, 8.288224, '2026-05-26 15:12:37', 'ON', 'online'),
(5986, 10, 114.335400, 209.849700, 0.548016, 0.902796, '2026-05-26 15:12:44', 'ON', 'online'),
(5987, 11, 318.564400, 226.570700, 1.406405, 8.293534, '2026-05-26 15:13:37', 'ON', 'online'),
(5988, 10, 429.517100, 206.401000, 2.080855, 0.909958, '2026-05-26 15:13:44', 'ON', 'online'),
(5989, 11, 366.021300, 227.202600, 1.611509, 8.299638, '2026-05-26 15:14:37', 'ON', 'online'),
(5990, 10, 418.849500, 208.539600, 2.008603, 0.916943, '2026-05-26 15:14:44', 'ON', 'online'),
(5991, 11, 385.789800, 228.139900, 1.690895, 8.306073, '2026-05-26 15:15:37', 'ON', 'online'),
(5992, 10, 206.862400, 209.670200, 0.989991, 0.920392, '2026-05-26 15:15:44', 'ON', 'online'),
(5993, 11, 394.972100, 229.202400, 1.724375, 8.312657, '2026-05-26 15:16:37', 'ON', 'online'),
(5994, 10, 203.447300, 209.350800, 0.979713, 0.923785, '2026-05-26 15:16:44', 'ON', 'online'),
(5995, 11, 349.603400, 227.387900, 1.537985, 8.318487, '2026-05-26 15:17:37', 'ON', 'online'),
(5996, 10, 502.980000, 208.160700, 2.423990, 0.932172, '2026-05-26 15:17:44', 'ON', 'online'),
(5997, 11, 401.499000, 230.079200, 1.743459, 8.325186, '2026-05-26 15:18:37', 'ON', 'online'),
(5998, 10, 31.569910, 210.026300, 0.150319, 0.932699, '2026-05-26 15:18:44', 'ON', 'online'),
(5999, 11, 355.640100, 227.855900, 1.560580, 8.331118, '2026-05-26 15:19:37', 'ON', 'online'),
(6000, 10, 440.896400, 208.945600, 2.112210, 0.940051, '2026-05-26 15:19:44', 'ON', 'online'),
(6001, 11, 401.010200, 228.466600, 1.756618, 8.337806, '2026-05-26 15:20:37', 'ON', 'online'),
(6002, 10, 367.552600, 208.658000, 1.765353, 0.946180, '2026-05-26 15:20:44', 'ON', 'online'),
(6003, 11, 323.078700, 230.432100, 1.401860, 8.343196, '2026-05-26 15:21:39', 'ON', 'online'),
(6004, 10, 256.793600, 209.709000, 1.227815, 0.950462, '2026-05-26 15:21:44', 'ON', 'online'),
(6005, 11, 339.627800, 228.743600, 1.485322, 8.349138, '2026-05-26 15:22:39', 'ON', 'online'),
(6006, 10, 244.596800, 209.653500, 1.169557, 0.954540, '2026-05-26 15:22:44', 'ON', 'online'),
(6007, 11, 349.257400, 227.602900, 1.535061, 8.354964, '2026-05-26 15:23:39', 'ON', 'online'),
(6008, 10, 431.556200, 208.888900, 2.066081, 0.961736, '2026-05-26 15:23:44', 'ON', 'online'),
(6009, 11, 291.727100, 228.429200, 1.278926, 8.359829, '2026-05-26 15:24:39', 'ON', 'online'),
(6010, 10, 395.265100, 209.444500, 1.887509, 0.968328, '2026-05-26 15:24:44', 'ON', 'online'),
(6011, 11, 27.517190, 229.047900, 0.120189, 8.360284, '2026-05-26 15:25:39', 'ON', 'online'),
(6012, 10, 31.296100, 211.518400, 0.147984, 0.968849, '2026-05-26 15:25:44', 'ON', 'online'),
(6013, 10, 514.038900, 209.175800, 2.461452, 0.977421, '2026-05-26 15:26:47', 'ON', 'online'),
(6014, 11, 9.721719, 226.775300, 0.042850, 8.360593, '2026-05-26 15:27:43', 'ON', 'online'),
(6015, 10, 266.828900, 206.753000, 1.292260, 0.982255, '2026-05-26 15:27:46', 'ON', 'online'),
(6016, 11, 8.609198, 227.095900, 0.037903, 8.360732, '2026-05-26 15:28:43', 'ON', 'online'),
(6017, 10, 31.566550, 207.644500, 0.152050, 0.982782, '2026-05-26 15:28:46', 'ON', 'online'),
(6018, 11, 9.772820, 225.790300, 0.043271, 8.360890, '2026-05-26 15:29:43', 'ON', 'online'),
(6019, 10, 528.313800, 204.819200, 2.583618, 0.991591, '2026-05-26 15:29:46', 'ON', 'online'),
(6020, 11, 8.658462, 226.400700, 0.038237, 8.361030, '2026-05-26 15:30:43', 'ON', 'online'),
(6021, 10, 224.152300, 206.502600, 1.093748, 0.995329, '2026-05-26 15:30:46', 'ON', 'online'),
(6022, 11, 10.022860, 226.194900, 0.044293, 8.361196, '2026-05-26 15:31:43', 'ON', 'online'),
(6023, 10, 233.105800, 206.545300, 1.132097, 0.999216, '2026-05-26 15:31:46', 'ON', 'online'),
(6024, 11, 9.242125, 226.069200, 0.040860, 8.361343, '2026-05-26 15:32:43', 'ON', 'online'),
(6025, 11, 9.935986, 225.502300, 0.044084, 8.361505, '2026-05-26 15:33:43', 'ON', 'online'),
(6026, 10, 433.788800, 205.619500, 2.110600, 1.012554, '2026-05-26 15:33:51', 'ON', 'online'),
(6027, 11, 8.889451, 223.979800, 0.039702, 8.361650, '2026-05-26 15:34:44', 'ON', 'online'),
(6028, 10, 248.290300, 205.034000, 1.210485, 1.016694, '2026-05-26 15:34:51', 'ON', 'online'),
(6029, 11, 9.423808, 224.799300, 0.041908, 8.361805, '2026-05-26 15:35:43', 'ON', 'online'),
(6030, 10, 48.516360, 205.126900, 0.236581, 1.017503, '2026-05-26 15:35:51', 'ON', 'online'),
(6031, 11, 12.213380, 223.835400, 0.054473, 8.362009, '2026-05-26 15:36:50', 'ON', 'online'),
(6032, 10, 41.758480, 204.048700, 0.204712, 1.018199, '2026-05-26 15:36:51', 'ON', 'online'),
(6033, 11, 8.016866, 225.254000, 0.035607, 8.362153, '2026-05-26 15:37:49', 'ON', 'online'),
(6034, 10, 36.099510, 206.207400, 0.175080, 1.018801, '2026-05-26 15:37:51', 'ON', 'online'),
(6035, 11, 7.955428, 224.639600, 0.035416, 8.362280, '2026-05-26 15:38:49', 'ON', 'online'),
(6036, 10, 508.692400, 205.246100, 2.484418, 1.027283, '2026-05-26 15:38:51', 'ON', 'online'),
(6037, 11, 9.110798, 223.043900, 0.040833, 8.362431, '2026-05-26 15:39:49', 'ON', 'online'),
(6038, 10, 628.540200, 204.528900, 3.073068, 1.037764, '2026-05-26 15:39:51', 'ON', 'online'),
(6039, 11, 8.877498, 222.386100, 0.039909, 8.362577, '2026-05-26 15:40:49', 'ON', 'online'),
(6040, 10, 448.540300, 204.045500, 2.203717, 1.045244, '2026-05-26 15:40:51', 'ON', 'online'),
(6041, 10, 340.836500, 206.574100, 1.650362, 1.050927, '2026-05-26 15:41:51', 'ON', 'online'),
(6042, 11, 8.300056, 227.685700, 0.036454, 8.362708, '2026-05-26 15:41:52', 'ON', 'online'),
(6043, 10, 196.829300, 206.810300, 0.956278, 1.054209, '2026-05-26 15:42:51', 'ON', 'online'),
(6044, 11, 8.165546, 224.804800, 0.036317, 8.362844, '2026-05-26 15:42:51', 'ON', 'online'),
(6045, 10, 436.071900, 204.054800, 2.135511, 1.061481, '2026-05-26 15:43:51', 'ON', 'online'),
(6046, 11, 8.454583, 223.750600, 0.037783, 8.362985, '2026-05-26 15:43:51', 'ON', 'online'),
(6047, 10, 247.350300, 203.088900, 1.217707, 1.065606, '2026-05-26 15:44:51', 'ON', 'online'),
(6048, 11, 10.203280, 222.898700, 0.045760, 8.363155, '2026-05-26 15:44:52', 'ON', 'online'),
(6049, 10, 475.247700, 202.819100, 2.344853, 1.073530, '2026-05-26 15:45:51', 'ON', 'online'),
(6050, 11, 10.661830, 223.095000, 0.047795, 8.363331, '2026-05-26 15:45:52', 'ON', 'online'),
(6051, 10, 234.528200, 204.358000, 1.148249, 1.077441, '2026-05-26 15:46:51', 'ON', 'online'),
(6052, 11, 10.950730, 223.621400, 0.048948, 8.363513, '2026-05-26 15:46:52', 'ON', 'online'),
(6053, 10, 247.391600, 205.080700, 1.209982, 1.081566, '2026-05-26 15:47:51', 'ON', 'online'),
(6054, 11, 11.380350, 224.597100, 0.050608, 8.363701, '2026-05-26 15:47:52', 'ON', 'online'),
(6055, 10, 474.663600, 203.644400, 2.332564, 1.089481, '2026-05-26 15:48:51', 'ON', 'online'),
(6056, 11, 9.998087, 222.959600, 0.044819, 8.363867, '2026-05-26 15:48:52', 'ON', 'online'),
(6057, 10, 228.189200, 204.725600, 1.113685, 1.093287, '2026-05-26 15:49:51', 'ON', 'online'),
(6058, 11, 10.199050, 223.141500, 0.045703, 8.364036, '2026-05-26 15:49:52', 'ON', 'online'),
(6059, 11, 9.341665, 227.483000, 0.041038, 8.364187, '2026-05-26 15:50:52', 'ON', 'online'),
(6060, 11, 8.672050, 224.515300, 0.038627, 8.364327, '2026-05-26 15:51:52', 'ON', 'online'),
(6061, 10, 263.778700, 204.227300, 1.297247, 1.105261, '2026-05-26 15:51:55', 'ON', 'online'),
(6062, 11, 8.126607, 223.158100, 0.036410, 8.364459, '2026-05-26 15:52:52', 'ON', 'online'),
(6063, 10, 336.335800, 204.077400, 1.655580, 1.110869, '2026-05-26 15:52:56', 'ON', 'online'),
(6064, 11, 8.020751, 222.761900, 0.036015, 8.364590, '2026-05-26 15:53:52', 'ON', 'online'),
(6065, 10, 233.297900, 203.662200, 1.148239, 1.114760, '2026-05-26 15:53:56', 'ON', 'online'),
(6066, 11, 7.901210, 222.734600, 0.035483, 8.364718, '2026-05-26 15:54:52', 'ON', 'online'),
(6067, 10, 351.380700, 203.393600, 1.729736, 1.120619, '2026-05-26 15:54:56', 'ON', 'online'),
(6068, 11, 8.594763, 222.702300, 0.038587, 8.364861, '2026-05-26 15:55:52', 'ON', 'online'),
(6069, 10, 334.281800, 203.444000, 1.644374, 1.126193, '2026-05-26 15:55:56', 'ON', 'online'),
(6070, 11, 7.632006, 223.386600, 0.034159, 8.364984, '2026-05-26 15:56:52', 'ON', 'online'),
(6071, 10, 191.941100, 204.089200, 0.943874, 1.129394, '2026-05-26 15:56:56', 'ON', 'online'),
(6072, 11, 9.609935, 223.869200, 0.042884, 8.365141, '2026-05-26 15:57:52', 'ON', 'online'),
(6073, 10, 462.265300, 203.745100, 2.269950, 1.137102, '2026-05-26 15:57:56', 'ON', 'online'),
(6074, 11, 8.881237, 222.344200, 0.039928, 8.365286, '2026-05-26 15:58:52', 'ON', 'online'),
(6075, 10, 288.632200, 204.175100, 1.413818, 1.141915, '2026-05-26 15:58:56', 'ON', 'online'),
(6076, 11, 8.084233, 222.069700, 0.036399, 8.365421, '2026-05-26 15:59:52', 'ON', 'online'),
(6077, 10, 353.872400, 201.921900, 1.760127, 1.147815, '2026-05-26 15:59:56', 'ON', 'online'),
(6078, 11, 8.284815, 221.204500, 0.037451, 8.365558, '2026-05-26 16:00:52', 'ON', 'online'),
(6079, 10, 289.961300, 201.880300, 1.448995, 1.152651, '2026-05-26 16:00:56', 'ON', 'online'),
(6080, 11, 8.175272, 222.864000, 0.036697, 8.365690, '2026-05-26 16:01:52', 'ON', 'online'),
(6081, 10, 329.142500, 203.047200, 1.625410, 1.158139, '2026-05-26 16:01:56', 'ON', 'online'),
(6082, 11, 8.853360, 222.856400, 0.039700, 8.365835, '2026-05-26 16:02:52', 'ON', 'online'),
(6083, 10, 375.355600, 202.467900, 1.854698, 1.164398, '2026-05-26 16:02:56', 'ON', 'online'),
(6084, 11, 8.369535, 223.624500, 0.037435, 8.365972, '2026-05-26 16:03:52', 'ON', 'online'),
(6085, 10, 322.415800, 204.216200, 1.582119, 1.169775, '2026-05-26 16:03:56', 'ON', 'online'),
(6086, 11, 9.178546, 225.028100, 0.040798, 8.366120, '2026-05-26 16:04:52', 'ON', 'online'),
(6087, 10, 81.902350, 206.176500, 0.398287, 1.171141, '2026-05-26 16:04:56', 'ON', 'online'),
(6088, 11, 10.073580, 221.735200, 0.045467, 8.366285, '2026-05-26 16:05:52', 'ON', 'online'),
(6089, 10, 518.465500, 202.150900, 2.567328, 1.179786, '2026-05-26 16:05:56', 'ON', 'online'),
(6090, 11, 9.243340, 223.600300, 0.041354, 8.366434, '2026-05-26 16:06:52', 'ON', 'online'),
(6091, 10, 179.673500, 203.941700, 0.880405, 1.182782, '2026-05-26 16:06:56', 'ON', 'online'),
(6092, 11, 8.977494, 222.822800, 0.040291, 8.366582, '2026-05-26 16:07:52', 'ON', 'online'),
(6093, 10, 537.146500, 204.004200, 2.634088, 1.191738, '2026-05-26 16:07:56', 'ON', 'online'),
(6094, 11, 10.562310, 224.408700, 0.047049, 8.366755, '2026-05-26 16:08:52', 'ON', 'online'),
(6095, 10, 110.881100, 205.937000, 0.540286, 1.193587, '2026-05-26 16:08:56', 'ON', 'online'),
(6096, 11, 10.533680, 224.467800, 0.046866, 8.366930, '2026-05-26 16:09:52', 'ON', 'online'),
(6097, 10, 344.382900, 205.569800, 1.675498, 1.199330, '2026-05-26 16:09:56', 'ON', 'online'),
(6098, 11, 8.623866, 225.601200, 0.038218, 8.367069, '2026-05-26 16:10:52', 'ON', 'online'),
(6099, 10, 446.188600, 204.021900, 2.187606, 1.206770, '2026-05-26 16:10:56', 'ON', 'online'),
(6100, 11, 9.325704, 224.584100, 0.041543, 8.367223, '2026-05-26 16:11:52', 'ON', 'online'),
(6101, 10, 279.819600, 204.882800, 1.366219, 1.211436, '2026-05-26 16:11:56', 'ON', 'online'),
(6102, 11, 10.110200, 224.400800, 0.045040, 8.367391, '2026-05-26 16:12:52', 'ON', 'online'),
(6103, 10, 151.197100, 205.579600, 0.738563, 1.213958, '2026-05-26 16:12:56', 'ON', 'online'),
(6104, 11, 8.692195, 224.869000, 0.038682, 8.367537, '2026-05-26 16:13:52', 'ON', 'online'),
(6105, 10, 47.520190, 204.478000, 0.232482, 1.214750, '2026-05-26 16:13:56', 'ON', 'online'),
(6106, 11, 9.171993, 224.072400, 0.040944, 8.367686, '2026-05-26 16:14:53', 'ON', 'online'),
(6107, 10, 55.799350, 203.857400, 0.273790, 1.215681, '2026-05-26 16:14:56', 'ON', 'online'),
(6108, 11, 565.798600, 232.754600, 2.409243, 8.377118, '2026-05-26 16:15:53', 'ON', 'online'),
(6109, 10, 33.662060, 202.676800, 0.166114, 1.216242, '2026-05-26 16:15:56', 'ON', 'online'),
(6110, 11, 722.634100, 234.958300, 3.075741, 8.389164, '2026-05-26 16:16:52', 'ON', 'online'),
(6111, 10, 33.220410, 203.326400, 0.163407, 1.216796, '2026-05-26 16:16:56', 'ON', 'online'),
(6112, 10, 31.645630, 204.352400, 0.154874, 1.217324, '2026-05-26 16:17:56', 'ON', 'online'),
(6113, 10, 46.005050, 204.252500, 0.225213, 1.218091, '2026-05-26 16:18:56', 'ON', 'online'),
(6114, 11, 723.504000, 234.937500, 3.079607, 8.414149, '2026-05-26 16:18:57', 'ON', 'online'),
(6115, 10, 43.903930, 202.084700, 0.217292, 1.218823, '2026-05-26 16:19:57', 'ON', 'online'),
(6116, 11, 706.195000, 233.966900, 3.018157, 8.425927, '2026-05-26 16:19:57', 'ON', 'online'),
(6117, 10, 44.777700, 203.361600, 0.220387, 1.219572, '2026-05-26 16:20:57', 'ON', 'online'),
(6118, 11, 507.593400, 220.868700, 2.313980, 8.434391, '2026-05-26 16:20:57', 'ON', 'online'),
(6119, 10, 29.633090, 209.212600, 0.141688, 1.220066, '2026-05-26 16:21:57', 'ON', 'online'),
(6120, 11, 41.895610, 226.907500, 0.184244, 8.435088, '2026-05-26 16:21:57', 'ON', 'online'),
(6121, 10, 28.752770, 210.347800, 0.136733, 1.220545, '2026-05-26 16:22:57', 'ON', 'online'),
(6122, 11, 92.260170, 227.698600, 0.405257, 8.436625, '2026-05-26 16:22:57', 'ON', 'online'),
(6123, 10, 0.000000, 211.378900, 0.000000, 1.220545, '2026-05-26 16:23:57', 'OFF', 'online'),
(6124, 11, 93.564020, 228.421200, 0.409672, 8.438185, '2026-05-26 16:23:57', 'ON', 'online'),
(6125, 10, 0.000000, 211.062000, 0.000000, 1.220545, '2026-05-26 16:24:57', 'OFF', 'online'),
(6126, 11, 92.660640, 227.795300, 0.406833, 8.439730, '2026-05-26 16:24:57', 'ON', 'online'),
(6127, 10, 0.000000, 211.025500, 0.000000, 1.220545, '2026-05-26 16:25:57', 'OFF', 'online'),
(6128, 11, 94.318800, 227.641900, 0.414433, 8.441301, '2026-05-26 16:25:57', 'ON', 'online'),
(6129, 10, 0.000000, 212.110300, 0.000000, 1.220545, '2026-05-26 16:26:57', 'OFF', 'online'),
(6130, 11, 91.678800, 228.706600, 0.400862, 8.442831, '2026-05-26 16:26:57', 'ON', 'online'),
(6131, 10, 0.000000, 212.639700, 0.000000, 1.220545, '2026-05-26 16:27:57', 'OFF', 'online'),
(6132, 11, 56.504280, 229.153900, 0.246500, 8.443771, '2026-05-26 16:27:57', 'ON', 'online'),
(6133, 10, 0.000000, 212.505800, 0.000000, 1.220545, '2026-05-26 16:28:57', 'OFF', 'online'),
(6134, 11, 26.222830, 229.126000, 0.114403, 8.444209, '2026-05-26 16:28:57', 'ON', 'online'),
(6135, 11, 741.494300, 229.628200, 3.229085, 8.465162, '2026-05-28 08:38:11', 'ON', 'online'),
(6136, 11, 742.712500, 230.079400, 3.228188, 8.477967, '2026-05-28 08:39:10', 'ON', 'online'),
(6137, 11, 741.456300, 231.006100, 3.209721, 8.490333, '2026-05-28 08:40:10', 'ON', 'online'),
(6138, 11, 713.863100, 229.571700, 3.107381, 8.502237, '2026-05-28 08:41:10', 'ON', 'online'),
(6139, 11, 547.154900, 230.689900, 2.377320, 8.511365, '2026-05-28 08:42:10', 'ON', 'online'),
(6140, 11, 537.524900, 226.176800, 2.381927, 8.520329, '2026-05-28 08:43:10', 'ON', 'online'),
(6141, 11, 514.815200, 221.870700, 2.320458, 8.528913, '2026-05-28 08:44:11', 'ON', 'online'),
(6142, 11, 521.249000, 222.869200, 2.337937, 8.537605, '2026-05-28 08:45:10', 'ON', 'online'),
(6143, 11, 289.765000, 222.110500, 1.303349, 8.542436, '2026-05-28 08:46:11', 'ON', 'online'),
(6144, 11, 241.672100, 223.565900, 1.079282, 8.546464, '2026-05-28 08:47:11', 'ON', 'online'),
(6145, 11, 339.108700, 222.157600, 1.529169, 8.552120, '2026-05-28 08:48:11', 'ON', 'online'),
(6146, 11, 318.232600, 221.386100, 1.435386, 8.557425, '2026-05-28 08:49:11', 'ON', 'online'),
(6147, 11, 224.662800, 221.522300, 1.010242, 8.561173, '2026-05-28 08:50:11', 'ON', 'online'),
(6148, 11, 342.627900, 221.651300, 1.544689, 8.566890, '2026-05-28 08:51:11', 'ON', 'online'),
(6149, 11, 357.869800, 222.140500, 1.613795, 8.572855, '2026-05-28 08:52:13', 'ON', 'online'),
(6150, 11, 341.302800, 223.027300, 1.528807, 8.578878, '2026-05-28 08:53:13', 'ON', 'online'),
(6151, 11, 300.292600, 226.644100, 1.323790, 8.583884, '2026-05-28 08:54:16', 'ON', 'online'),
(6152, 11, 315.204200, 223.821000, 1.412073, 8.589362, '2026-05-28 08:55:16', 'ON', 'online'),
(6153, 11, 365.858200, 222.413600, 1.645632, 8.595463, '2026-05-28 08:56:16', 'ON', 'online'),
(6154, 11, 346.597000, 220.689800, 1.569811, 8.601241, '2026-05-28 08:57:16', 'ON', 'online'),
(6155, 11, 379.429300, 221.909900, 1.706358, 8.607568, '2026-05-28 08:58:16', 'ON', 'online'),
(6156, 11, 334.861300, 222.886100, 1.502973, 8.613151, '2026-05-28 08:59:16', 'ON', 'online'),
(6157, 11, 254.762900, 221.032100, 1.152111, 8.622394, '2026-05-28 09:01:20', 'ON', 'online'),
(6158, 11, 354.265800, 221.096400, 1.602528, 8.628304, '2026-05-28 09:02:23', 'ON', 'online'),
(6159, 11, 284.376600, 218.808800, 1.298053, 8.633343, '2026-05-28 09:03:22', 'ON', 'online'),
(6160, 11, 328.830000, 218.693500, 1.503321, 8.638826, '2026-05-28 09:04:22', 'ON', 'online'),
(6161, 11, 414.420200, 218.244700, 1.899637, 8.645735, '2026-05-28 09:05:23', 'ON', 'online'),
(6162, 11, 416.330500, 220.054700, 1.892522, 8.652674, '2026-05-28 09:06:23', 'ON', 'online'),
(6163, 11, 399.085300, 220.705400, 1.812760, 8.659327, '2026-05-28 09:07:22', 'ON', 'online'),
(6164, 11, 424.091200, 221.818400, 1.908275, 8.666403, '2026-05-28 09:08:25', 'ON', 'online'),
(6165, 11, 362.425900, 221.206100, 1.636187, 8.672744, '2026-05-28 09:09:28', 'ON', 'online'),
(6166, 11, 414.561300, 224.147500, 1.849283, 8.687632, '2026-05-28 09:11:33', 'ON', 'online'),
(6167, 11, 403.836600, 218.835200, 1.849930, 8.701124, '2026-05-28 09:13:37', 'ON', 'online'),
(6168, 11, 425.955800, 217.163700, 1.961221, 8.708225, '2026-05-28 09:14:38', 'ON', 'online'),
(6169, 11, 404.594200, 219.358400, 1.844193, 8.714988, '2026-05-28 09:15:40', 'ON', 'online'),
(6170, 11, 438.028000, 219.723800, 1.993579, 8.722615, '2026-05-28 09:16:43', 'ON', 'online'),
(6171, 11, 415.568700, 219.700400, 1.893438, 8.729812, '2026-05-28 09:17:47', 'ON', 'online'),
(6172, 11, 470.482800, 217.919400, 2.160232, 8.738336, '2026-05-28 09:18:55', 'ON', 'online'),
(6173, 11, 435.249900, 218.772200, 1.988286, 8.746517, '2026-05-28 09:19:55', 'ON', 'online'),
(6174, 11, 398.878600, 220.109600, 1.813191, 8.753170, '2026-05-28 09:20:55', 'ON', 'online'),
(6175, 11, 400.283200, 218.470700, 1.832895, 8.759846, '2026-05-28 09:21:55', 'ON', 'online'),
(6176, 11, 400.134100, 218.800700, 1.829146, 8.766516, '2026-05-28 09:23:00', 'ON', 'online'),
(6177, 11, 267.279600, 215.566200, 1.239458, 8.771493, '2026-05-28 09:24:00', 'ON', 'online'),
(6178, 11, 272.331500, 218.126900, 1.249659, 8.776050, '2026-05-28 09:25:00', 'ON', 'online'),
(6179, 11, 327.226600, 217.643100, 1.503116, 8.781505, '2026-05-28 09:26:00', 'ON', 'online'),
(6180, 11, 333.981800, 218.069900, 1.530425, 8.787077, '2026-05-28 09:27:00', 'ON', 'online'),
(6181, 11, 379.688100, 218.836700, 1.733699, 8.793411, '2026-05-28 09:28:00', 'ON', 'online'),
(6182, 11, 336.962000, 220.430000, 1.528260, 8.805189, '2026-05-28 09:30:04', 'ON', 'online'),
(6183, 11, 322.429200, 219.835400, 1.467649, 8.810570, '2026-05-28 09:31:04', 'ON', 'online'),
(6184, 11, 331.278200, 219.750100, 1.508448, 8.816091, '2026-05-28 09:32:04', 'ON', 'online'),
(6185, 11, 344.272500, 220.668900, 1.558734, 8.821832, '2026-05-28 09:33:04', 'ON', 'online'),
(6186, 11, 307.689700, 221.460100, 1.387751, 8.832803, '2026-05-28 09:35:12', 'ON', 'online'),
(6187, 11, 320.130700, 221.149500, 1.447981, 8.838527, '2026-05-28 09:36:14', 'ON', 'online'),
(6188, 11, 292.344300, 220.254200, 1.328216, 8.843636, '2026-05-28 09:37:14', 'ON', 'online'),
(6189, 11, 343.726300, 221.274400, 1.553304, 8.849363, '2026-05-28 09:38:34', 'ON', 'online'),
(6190, 11, 332.488600, 220.395100, 1.509557, 8.861146, '2026-05-28 09:40:23', 'ON', 'online'),
(6191, 11, 336.198400, 221.485800, 1.517827, 8.866749, '2026-05-28 09:41:46', 'ON', 'online'),
(6192, 10, 493.898300, 201.392900, 2.454886, 1.228700, '2026-05-28 09:43:08', 'ON', 'online'),
(6193, 11, 298.659100, 221.464400, 1.346762, 8.878084, '2026-05-28 09:43:34', 'ON', 'online'),
(6194, 10, 117.847900, 202.837900, 0.582357, 1.230664, '2026-05-28 09:44:08', 'ON', 'online'),
(6195, 11, 323.067800, 221.511400, 1.459513, 8.883468, '2026-05-28 09:44:37', 'ON', 'online'),
(6196, 10, 251.455300, 202.064100, 1.247872, 1.234855, '2026-05-28 09:45:08', 'ON', 'online'),
(6197, 11, 285.253400, 220.497600, 1.292304, 8.888453, '2026-05-28 09:45:40', 'ON', 'online'),
(6198, 10, 363.059400, 201.183300, 1.814138, 1.240906, '2026-05-28 09:46:08', 'ON', 'online'),
(6199, 11, 317.906100, 218.481400, 1.455099, 8.893772, '2026-05-28 09:46:48', 'ON', 'online'),
(6200, 10, 223.271000, 201.104200, 1.113390, 1.244627, '2026-05-28 09:47:08', 'ON', 'online'),
(6201, 11, 305.961800, 220.922700, 1.386838, 8.899386, '2026-05-28 09:47:46', 'ON', 'online'),
(6202, 10, 220.148400, 201.732600, 1.096761, 1.248296, '2026-05-28 09:48:08', 'ON', 'online'),
(6203, 11, 303.656200, 219.634500, 1.380331, 8.904644, '2026-05-28 09:48:45', 'ON', 'online'),
(6204, 10, 353.232900, 200.921200, 1.760941, 1.254184, '2026-05-28 09:49:08', 'ON', 'online'),
(6205, 11, 358.888000, 221.935600, 1.615498, 8.916065, '2026-05-28 09:50:50', 'ON', 'online'),
(6206, 10, 160.323200, 200.712200, 0.809116, 1.261314, '2026-05-28 09:51:12', 'ON', 'online'),
(6207, 11, 289.355400, 217.419300, 1.329782, 8.920894, '2026-05-28 09:51:55', 'ON', 'online'),
(6208, 10, 375.251500, 199.688200, 1.888098, 1.267572, '2026-05-28 09:52:12', 'ON', 'online'),
(6209, 11, 319.880000, 218.911400, 1.460360, 8.926542, '2026-05-28 09:52:54', 'ON', 'online'),
(6210, 10, 261.555600, 199.277500, 1.316251, 1.271933, '2026-05-28 09:53:12', 'ON', 'online'),
(6211, 10, 149.447600, 201.101600, 0.747109, 1.274424, '2026-05-28 09:54:12', 'ON', 'online'),
(6212, 11, 342.866000, 219.955600, 1.559921, 8.938313, '2026-05-28 09:55:04', 'ON', 'online'),
(6213, 10, 499.240400, 200.572500, 2.493030, 1.282749, '2026-05-28 09:55:12', 'ON', 'online'),
(6214, 11, 322.484000, 220.945900, 1.459149, 8.944009, '2026-05-28 09:56:04', 'ON', 'online'),
(6215, 10, 43.042560, 201.434400, 0.213684, 1.283467, '2026-05-28 09:56:15', 'ON', 'online'),
(6216, 10, 281.517200, 201.086900, 1.401054, 1.288416, '2026-05-28 09:57:15', 'ON', 'online'),
(6217, 11, 289.623000, 218.784000, 1.324262, 8.954358, '2026-05-28 09:58:08', 'ON', 'online'),
(6218, 10, 422.015700, 198.494000, 2.127274, 1.295452, '2026-05-28 09:58:18', 'ON', 'online'),
(6219, 11, 297.037800, 220.129400, 1.347984, 8.959308, '2026-05-28 09:59:08', 'ON', 'online'),
(6220, 10, 130.251400, 199.811500, 0.655209, 1.297856, '2026-05-28 09:59:17', 'ON', 'online'),
(6221, 11, 273.877000, 220.221500, 1.246323, 8.963876, '2026-05-28 10:00:08', 'ON', 'online'),
(6222, 10, 270.580500, 199.634600, 1.357049, 1.302368, '2026-05-28 10:00:17', 'ON', 'online'),
(6223, 11, 329.659400, 221.018400, 1.490994, 8.969373, '2026-05-28 10:01:08', 'ON', 'online'),
(6224, 10, 383.753600, 199.508600, 1.929765, 1.308767, '2026-05-28 10:01:18', 'ON', 'online'),
(6225, 11, 303.940600, 221.465200, 1.371187, 8.974442, '2026-05-28 10:02:08', 'ON', 'online'),
(6226, 10, 192.992400, 200.758800, 0.962659, 1.311986, '2026-05-28 10:02:17', 'ON', 'online'),
(6227, 11, 318.553800, 221.320100, 1.439496, 8.979754, '2026-05-28 10:03:11', 'ON', 'online'),
(6228, 10, 185.788400, 201.472900, 0.925347, 1.315083, '2026-05-28 10:03:17', 'ON', 'online'),
(6229, 11, 336.242600, 221.971300, 1.516524, 8.985386, '2026-05-28 10:04:11', 'ON', 'online'),
(6230, 10, 407.945700, 199.480800, 2.047443, 1.321886, '2026-05-28 10:04:17', 'ON', 'online'),
(6231, 11, 364.604200, 221.974000, 1.644745, 8.991466, '2026-05-28 10:05:11', 'ON', 'online'),
(6232, 10, 243.820100, 200.350200, 1.219238, 1.325952, '2026-05-28 10:05:17', 'ON', 'online'),
(6233, 11, 306.067700, 222.214500, 1.376680, 8.996572, '2026-05-28 10:06:11', 'ON', 'online'),
(6234, 10, 101.058500, 201.212800, 0.503935, 1.327637, '2026-05-28 10:06:18', 'ON', 'online'),
(6235, 11, 326.209900, 220.456600, 1.480696, 9.002010, '2026-05-28 10:07:11', 'ON', 'online'),
(6236, 10, 462.322100, 199.033800, 2.325577, 1.335346, '2026-05-28 10:07:17', 'ON', 'online'),
(6237, 11, 316.010600, 220.718900, 1.431491, 9.007282, '2026-05-28 10:08:11', 'ON', 'online'),
(6238, 10, 120.910100, 200.256800, 0.606602, 1.337362, '2026-05-28 10:08:20', 'ON', 'online'),
(6239, 11, 356.719500, 220.425400, 1.618796, 9.013231, '2026-05-28 10:09:11', 'ON', 'online'),
(6240, 10, 316.069500, 199.330600, 1.588293, 1.342874, '2026-05-28 10:09:20', 'ON', 'online'),
(6241, 11, 324.355600, 221.105500, 1.466512, 9.018641, '2026-05-28 10:10:11', 'ON', 'online'),
(6242, 10, 189.868900, 199.671400, 0.957046, 1.346040, '2026-05-28 10:10:20', 'ON', 'online'),
(6243, 11, 297.598900, 221.247300, 1.343878, 9.023605, '2026-05-28 10:11:11', 'ON', 'online'),
(6244, 10, 451.247200, 199.511100, 2.264383, 1.353565, '2026-05-28 10:11:20', 'ON', 'online'),
(6245, 11, 321.880700, 222.462100, 1.445240, 9.028972, '2026-05-28 10:12:11', 'ON', 'online'),
(6246, 10, 27.183970, 203.145100, 0.133866, 1.354017, '2026-05-28 10:12:20', 'ON', 'online'),
(6247, 11, 327.805200, 221.355300, 1.481669, 9.034435, '2026-05-28 10:13:11', 'ON', 'online'),
(6248, 10, 373.420900, 199.945700, 1.876113, 1.360244, '2026-05-28 10:13:20', 'ON', 'online'),
(6249, 11, 329.666100, 219.840700, 1.498641, 9.039936, '2026-05-28 10:14:11', 'ON', 'online'),
(6250, 10, 256.086900, 199.793400, 1.288714, 1.364514, '2026-05-28 10:14:20', 'ON', 'online'),
(6251, 11, 361.518400, 220.447300, 1.639752, 9.045963, '2026-05-28 10:15:11', 'ON', 'online'),
(6252, 10, 305.625300, 200.610700, 1.526727, 1.369610, '2026-05-28 10:15:20', 'ON', 'online'),
(6253, 11, 321.395600, 222.595200, 1.444454, 9.051321, '2026-05-28 10:16:11', 'ON', 'online'),
(6254, 10, 82.850950, 203.258200, 0.409516, 1.370991, '2026-05-28 10:16:20', 'ON', 'online'),
(6255, 11, 332.011600, 220.830600, 1.502992, 9.056854, '2026-05-28 10:17:11', 'ON', 'online'),
(6256, 10, 526.706100, 200.549000, 2.629044, 1.379774, '2026-05-28 10:17:20', 'ON', 'online'),
(6257, 11, 342.761100, 222.696900, 1.539738, 9.062566, '2026-05-28 10:18:11', 'ON', 'online'),
(6258, 10, 27.702630, 203.822900, 0.135942, 1.380236, '2026-05-28 10:18:20', 'ON', 'online'),
(6259, 11, 362.789900, 223.469600, 1.622594, 9.068615, '2026-05-28 10:19:11', 'ON', 'online'),
(6260, 10, 300.279900, 202.443600, 1.487543, 1.385243, '2026-05-28 10:19:20', 'ON', 'online'),
(6261, 11, 591.367300, 222.638500, 2.664232, 9.078477, '2026-05-28 10:20:11', 'ON', 'online'),
(6262, 10, 360.227900, 201.676400, 1.786282, 1.391250, '2026-05-28 10:20:20', 'ON', 'online'),
(6263, 11, 517.182500, 222.555600, 2.323325, 9.087101, '2026-05-28 10:21:11', 'ON', 'online'),
(6264, 10, 319.467500, 201.293500, 1.589389, 1.396577, '2026-05-28 10:21:20', 'ON', 'online'),
(6265, 11, 397.763300, 222.556000, 1.786790, 9.093733, '2026-05-28 10:22:11', 'ON', 'online'),
(6266, 10, 159.975500, 202.865500, 0.791133, 1.399244, '2026-05-28 10:22:20', 'ON', 'online'),
(6267, 11, 286.925600, 223.101100, 1.286770, 9.098514, '2026-05-28 10:23:11', 'ON', 'online'),
(6268, 10, 32.793320, 203.061700, 0.162466, 1.399786, '2026-05-28 10:23:20', 'ON', 'online'),
(6269, 11, 299.648300, 223.652600, 1.340718, 9.103511, '2026-05-28 10:24:20', 'ON', 'online'),
(6270, 10, 0.000000, 203.719500, 0.000000, 1.399786, '2026-05-28 10:24:23', 'OFF', 'online'),
(6271, 10, 274.146400, 201.972700, 1.367611, 1.404349, '2026-05-28 10:25:25', 'ON', 'online'),
(6272, 11, 299.472700, 223.025500, 1.343573, 9.115261, '2026-05-28 10:26:21', 'ON', 'online'),
(6273, 10, 499.774600, 200.955700, 2.491929, 1.413034, '2026-05-28 10:26:25', 'ON', 'online'),
(6274, 11, 342.533100, 223.935000, 1.533973, 9.121038, '2026-05-28 10:27:21', 'ON', 'online'),
(6275, 10, 20.325030, 202.566500, 0.100375, 1.413373, '2026-05-28 10:27:28', 'OFF', 'online'),
(6276, 11, 295.996700, 223.456100, 1.326257, 9.125973, '2026-05-28 10:28:21', 'ON', 'online'),
(6277, 10, 266.216200, 201.646200, 1.327248, 1.417807, '2026-05-28 10:28:27', 'ON', 'online'),
(6278, 11, 387.838300, 221.514700, 1.753025, 9.132435, '2026-05-28 10:29:24', 'ON', 'online'),
(6279, 10, 538.621600, 200.002800, 2.695219, 1.426788, '2026-05-28 10:29:27', 'ON', 'online'),
(6280, 11, 377.197900, 223.345400, 1.690011, 9.138933, '2026-05-28 10:30:23', 'ON', 'online'),
(6281, 10, 383.748600, 201.213600, 1.907246, 1.433187, '2026-05-28 10:30:27', 'ON', 'online'),
(6282, 11, 326.973900, 222.886400, 1.465690, 9.144388, '2026-05-28 10:31:23', 'ON', 'online'),
(6283, 10, 140.697100, 202.671100, 0.697891, 1.435533, '2026-05-28 10:31:29', 'ON', 'online'),
(6284, 11, 359.086500, 222.311500, 1.615411, 9.150378, '2026-05-28 10:32:23', 'ON', 'online'),
(6285, 10, 329.254900, 201.835300, 1.631486, 1.441204, '2026-05-28 10:32:29', 'ON', 'online'),
(6286, 11, 308.222900, 223.279300, 1.382872, 9.155515, '2026-05-28 10:33:23', 'ON', 'online'),
(6287, 10, 283.371600, 201.950900, 1.404682, 1.445930, '2026-05-28 10:33:29', 'ON', 'online'),
(6288, 11, 389.501500, 223.343400, 1.746664, 9.162010, '2026-05-28 10:34:23', 'ON', 'online'),
(6289, 10, 220.296200, 201.982000, 1.091470, 1.449603, '2026-05-28 10:34:29', 'ON', 'online'),
(6290, 11, 360.530400, 223.756400, 1.612801, 9.168023, '2026-05-28 10:35:23', 'ON', 'online'),
(6291, 10, 422.518600, 201.128400, 2.101998, 1.456649, '2026-05-28 10:35:29', 'ON', 'online'),
(6292, 11, 401.361300, 223.668900, 1.795309, 9.174713, '2026-05-28 10:36:23', 'ON', 'online'),
(6293, 10, 56.392630, 203.206800, 0.277891, 1.457589, '2026-05-28 10:36:29', 'ON', 'online'),
(6294, 11, 294.536700, 222.720600, 1.323624, 9.179623, '2026-05-28 10:37:26', 'ON', 'online'),
(6295, 10, 316.569200, 201.644300, 1.576149, 1.462868, '2026-05-28 10:37:29', 'ON', 'online'),
(6296, 11, 293.027000, 222.644600, 1.315048, 9.190759, '2026-05-28 10:39:31', 'ON', 'online'),
(6297, 10, 62.509830, 202.920500, 0.308144, 1.472006, '2026-05-28 10:39:34', 'ON', 'online'),
(6298, 11, 347.636400, 220.651100, 1.574752, 9.185645, '2026-05-28 10:39:43', 'ON', 'online'),
(6299, 11, 398.353100, 223.006900, 1.790612, 9.197401, '2026-05-28 10:40:31', 'ON', 'online'),
(6300, 10, 441.168900, 201.375600, 2.194983, 1.479362, '2026-05-28 10:40:33', 'ON', 'online'),
(6301, 11, 378.841900, 223.751900, 1.695360, 9.203717, '2026-05-28 10:41:31', 'ON', 'online'),
(6302, 10, 250.215600, 201.547600, 1.246241, 1.483535, '2026-05-28 10:41:33', 'ON', 'online'),
(6303, 11, 339.587300, 222.674800, 1.526843, 9.209379, '2026-05-28 10:42:31', 'ON', 'online'),
(6304, 10, 202.731100, 202.221100, 1.004135, 1.486915, '2026-05-28 10:42:33', 'ON', 'online'),
(6305, 11, 382.502000, 221.344800, 1.725204, 9.215755, '2026-05-28 10:43:33', 'ON', 'online'),
(6306, 10, 371.944100, 199.658400, 1.869787, 1.493117, '2026-05-28 10:43:33', 'ON', 'online'),
(6307, 11, 336.376600, 220.835300, 1.523672, 9.221560, '2026-05-28 10:44:32', 'ON', 'online'),
(6308, 10, 276.308700, 199.738700, 1.387374, 1.497724, '2026-05-28 10:44:34', 'ON', 'online'),
(6309, 10, 179.679000, 202.308500, 0.891057, 1.500720, '2026-05-28 10:45:34', 'ON', 'online'),
(6310, 10, 388.373700, 200.462000, 1.940688, 1.545544, '2026-05-28 10:54:04', 'ON', 'online'),
(6311, 11, 309.277800, 221.379300, 1.396396, 9.275426, '2026-05-28 10:54:10', 'ON', 'online'),
(6312, 10, 240.885500, 201.545500, 1.198598, 1.549560, '2026-05-28 10:55:04', 'ON', 'online'),
(6313, 11, 371.040700, 223.201100, 1.662072, 9.281617, '2026-05-28 10:55:10', 'ON', 'online'),
(6314, 10, 358.446600, 202.006400, 1.775810, 1.555538, '2026-05-28 10:56:07', 'ON', 'online'),
(6315, 11, 318.609100, 223.526400, 1.426505, 9.286933, '2026-05-28 10:56:10', 'ON', 'online'),
(6316, 10, 322.966600, 201.564200, 1.608755, 1.561153, '2026-05-28 10:57:06', 'ON', 'online'),
(6317, 11, 397.646300, 222.982800, 1.785668, 9.293562, '2026-05-28 10:57:10', 'ON', 'online'),
(6318, 10, 275.109500, 202.035100, 1.363601, 1.565741, '2026-05-28 10:58:06', 'ON', 'online'),
(6319, 11, 394.570800, 222.897600, 1.772056, 9.300142, '2026-05-28 10:58:10', 'ON', 'online'),
(6320, 10, 413.558300, 201.199800, 2.057392, 1.572637, '2026-05-28 10:59:06', 'ON', 'online'),
(6321, 11, 366.863500, 223.565400, 1.640717, 9.306260, '2026-05-28 10:59:10', 'ON', 'online'),
(6322, 10, 225.051100, 202.871600, 1.109933, 1.576389, '2026-05-28 11:00:06', 'ON', 'online'),
(6323, 11, 318.905900, 225.562200, 1.414909, 9.311576, '2026-05-28 11:00:10', 'ON', 'online'),
(6324, 10, 346.962500, 199.856900, 1.742705, 1.582175, '2026-05-28 11:01:06', 'ON', 'online'),
(6325, 11, 415.991400, 221.750300, 1.876823, 9.318515, '2026-05-28 11:01:13', 'ON', 'online'),
(6326, 10, 255.338300, 200.311100, 1.283438, 1.586433, '2026-05-28 11:02:06', 'ON', 'online'),
(6327, 10, 257.167300, 201.850500, 1.276450, 1.590721, '2026-05-28 11:03:06', 'ON', 'online'),
(6328, 11, 353.708000, 227.049800, 1.561139, 9.331306, '2026-05-28 11:03:17', 'ON', 'online'),
(6329, 10, 380.295800, 202.203800, 1.885074, 1.597063, '2026-05-28 11:04:06', 'ON', 'online'),
(6330, 11, 254.096900, 223.350000, 1.140930, 9.335540, '2026-05-28 11:04:17', 'ON', 'online'),
(6331, 10, 181.911600, 203.209700, 0.894775, 1.600096, '2026-05-28 11:05:06', 'ON', 'online'),
(6332, 11, 387.058400, 222.826400, 1.738079, 9.341990, '2026-05-28 11:05:17', 'ON', 'online'),
(6333, 10, 453.441700, 202.773000, 2.236596, 1.607657, '2026-05-28 11:06:09', 'ON', 'online'),
(6334, 11, 317.374600, 222.308600, 1.427278, 9.347282, '2026-05-28 11:06:17', 'ON', 'online'),
(6335, 10, 251.819700, 201.921200, 1.249693, 1.612177, '2026-05-28 11:07:09', 'ON', 'online'),
(6336, 11, 376.303200, 223.294200, 1.683651, 9.353558, '2026-05-28 11:07:17', 'ON', 'online'),
(6337, 10, 262.334000, 203.535000, 1.290632, 1.616552, '2026-05-28 11:08:09', 'ON', 'online'),
(6338, 11, 298.216300, 223.991500, 1.328619, 9.358531, '2026-05-28 11:08:37', 'ON', 'online'),
(6339, 10, 283.481000, 202.371800, 1.407598, 1.621279, '2026-05-28 11:09:09', 'ON', 'online'),
(6340, 10, 346.222500, 202.168000, 1.715847, 1.627052, '2026-05-28 11:10:09', 'ON', 'online'),
(6341, 11, 319.523100, 223.661800, 1.426247, 9.370542, '2026-05-28 11:10:29', 'ON', 'online'),
(6342, 10, 31.081040, 203.974900, 0.152387, 1.627571, '2026-05-28 11:11:09', 'ON', 'online'),
(6343, 11, 375.942400, 224.673200, 1.671035, 9.376808, '2026-05-28 11:11:32', 'ON', 'online'),
(6344, 10, 30.707910, 204.017100, 0.150527, 1.628083, '2026-05-28 11:12:09', 'ON', 'online'),
(6345, 11, 355.434500, 223.825800, 1.588774, 9.382859, '2026-05-28 11:12:34', 'ON', 'online'),
(6346, 11, 342.673200, 223.599200, 1.528039, 9.395113, '2026-05-28 11:14:38', 'ON', 'online'),
(6347, 10, 453.562100, 200.023600, 2.268669, 1.649238, '2026-05-28 11:15:21', 'ON', 'online'),
(6348, 11, 370.010400, 223.904300, 1.651121, 9.401280, '2026-05-28 11:15:38', 'ON', 'online'),
(6349, 10, 259.000600, 201.643600, 1.282650, 1.653556, '2026-05-28 11:16:21', 'ON', 'online'),
(6350, 11, 370.106100, 224.619500, 1.645535, 9.407450, '2026-05-28 11:16:41', 'ON', 'online'),
(6351, 10, 159.244500, 202.221000, 0.791352, 1.656212, '2026-05-28 11:17:24', 'ON', 'online'),
(6352, 11, 340.375500, 222.462800, 1.528733, 9.413450, '2026-05-28 11:17:41', 'ON', 'online'),
(6353, 10, 486.196300, 200.003800, 2.432590, 1.664701, '2026-05-28 11:18:23', 'ON', 'online'),
(6354, 11, 355.950600, 222.245100, 1.601451, 9.419384, '2026-05-28 11:18:41', 'ON', 'online'),
(6355, 10, 229.031900, 200.432400, 1.143576, 1.668520, '2026-05-28 11:19:23', 'ON', 'online'),
(6356, 11, 408.522100, 223.207200, 1.827350, 9.426195, '2026-05-28 11:19:41', 'ON', 'online'),
(6357, 10, 280.301700, 200.717600, 1.397392, 1.673193, '2026-05-28 11:20:26', 'ON', 'online'),
(6358, 11, 322.938000, 222.372400, 1.451276, 9.431576, '2026-05-28 11:20:44', 'ON', 'online'),
(6359, 10, 423.156200, 202.240100, 2.095995, 1.680579, '2026-05-28 11:21:26', 'ON', 'online'),
(6360, 11, 373.709200, 224.363700, 1.666875, 9.438185, '2026-05-28 11:21:43', 'ON', 'online'),
(6361, 10, 266.798000, 202.160900, 1.323457, 1.685028, '2026-05-28 11:22:26', 'ON', 'online'),
(6362, 11, 387.912800, 223.626400, 1.734066, 9.444657, '2026-05-28 11:22:43', 'ON', 'online'),
(6363, 10, 348.006400, 203.278000, 1.712990, 1.690831, '2026-05-28 11:23:26', 'ON', 'online'),
(6364, 11, 311.218700, 223.791700, 1.391530, 9.449846, '2026-05-28 11:23:46', 'ON', 'online'),
(6365, 10, 183.879700, 203.677000, 0.904212, 1.693897, '2026-05-28 11:24:26', 'ON', 'online'),
(6366, 11, 278.984300, 226.030400, 1.233675, 9.454756, '2026-05-28 11:24:45', 'ON', 'online'),
(6367, 10, 368.988000, 203.676000, 1.814699, 1.700050, '2026-05-28 11:25:26', 'ON', 'online'),
(6368, 11, 330.758900, 224.926000, 1.467350, 9.460271, '2026-05-28 11:25:46', 'ON', 'online'),
(6369, 10, 312.072600, 203.798900, 1.535091, 1.705254, '2026-05-28 11:26:26', 'ON', 'online'),
(6370, 11, 365.549900, 224.831500, 1.627875, 9.466366, '2026-05-28 11:26:46', 'ON', 'online'),
(6371, 10, 188.014500, 204.304400, 0.920454, 1.708389, '2026-05-28 11:27:26', 'ON', 'online'),
(6372, 11, 360.630200, 224.352100, 1.604937, 9.472380, '2026-05-28 11:27:46', 'ON', 'online'),
(6373, 10, 395.147700, 203.358200, 1.943002, 1.714978, '2026-05-28 11:28:26', 'ON', 'online'),
(6374, 11, 359.194800, 224.206500, 1.601562, 9.478369, '2026-05-28 11:28:46', 'ON', 'online'),
(6375, 10, 304.359300, 204.406800, 1.489704, 1.720053, '2026-05-28 11:29:26', 'ON', 'online'),
(6376, 11, 282.741700, 224.293200, 1.259032, 9.483088, '2026-05-28 11:29:46', 'ON', 'online'),
(6377, 10, 233.099700, 204.469700, 1.140678, 1.723940, '2026-05-28 11:30:26', 'ON', 'online'),
(6378, 11, 327.515000, 223.841500, 1.462829, 9.488552, '2026-05-28 11:30:46', 'ON', 'online'),
(6379, 10, 337.536100, 202.514900, 1.676800, 1.729569, '2026-05-28 11:31:26', 'ON', 'online'),
(6380, 11, 342.315900, 221.094800, 1.549630, 9.494257, '2026-05-28 11:31:46', 'ON', 'online'),
(6381, 10, 309.308200, 200.573400, 1.550435, 1.734726, '2026-05-28 11:32:26', 'ON', 'online'),
(6382, 11, 290.863600, 222.436500, 1.308849, 9.499104, '2026-05-28 11:32:46', 'ON', 'online'),
(6383, 10, 269.300600, 203.499900, 1.323467, 1.739217, '2026-05-28 11:33:26', 'ON', 'online'),
(6384, 11, 406.381200, 224.498500, 1.809761, 9.505881, '2026-05-28 11:33:48', 'ON', 'online'),
(6385, 10, 301.534300, 202.198700, 1.491757, 1.744245, '2026-05-28 11:34:27', 'ON', 'online'),
(6386, 11, 285.287000, 221.742200, 1.286295, 9.510814, '2026-05-28 11:34:50', 'ON', 'online'),
(6387, 10, 327.369200, 202.781200, 1.621370, 1.749704, '2026-05-28 11:35:26', 'ON', 'online'),
(6388, 11, 290.471200, 225.016900, 1.289357, 9.515678, '2026-05-28 11:35:53', 'ON', 'online'),
(6389, 10, 24.601700, 204.583800, 0.120466, 1.750114, '2026-05-28 11:36:27', 'OFF', 'online'),
(6390, 11, 350.469800, 225.796200, 1.552934, 9.521549, '2026-05-28 11:36:54', 'ON', 'online'),
(6391, 10, 0.000000, 206.561400, 0.000000, 1.750114, '2026-05-28 11:37:27', 'OFF', 'online'),
(6392, 10, 0.000000, 204.817400, 0.000000, 1.750114, '2026-05-28 11:38:30', 'OFF', 'online'),
(6393, 10, 0.000000, 204.704000, 0.000000, 1.750114, '2026-05-28 11:39:30', 'OFF', 'online'),
(6394, 10, 0.000000, 204.835000, 0.000000, 1.750114, '2026-05-28 11:40:29', 'OFF', 'online'),
(6395, 11, 332.682000, 225.679600, 1.474776, 9.544875, '2026-05-28 11:41:09', 'ON', 'online'),
(6396, 10, 0.000000, 205.041600, 0.000000, 1.750114, '2026-05-28 11:41:29', 'OFF', 'online'),
(6397, 11, 323.465700, 226.306600, 1.428587, 9.550275, '2026-05-28 11:42:09', 'ON', 'online'),
(6398, 10, 0.000000, 204.750200, 0.000000, 1.750114, '2026-05-28 11:42:30', 'OFF', 'online'),
(6399, 11, 335.029800, 226.159800, 1.480537, 9.555862, '2026-05-28 11:43:09', 'ON', 'online'),
(6400, 10, 0.000000, 204.336200, 0.000000, 1.750114, '2026-05-28 11:43:29', 'OFF', 'online'),
(6401, 11, 330.459500, 224.062500, 1.474035, 9.561372, '2026-05-28 11:44:09', 'ON', 'online'),
(6402, 10, 0.000000, 203.796100, 0.000000, 1.750114, '2026-05-28 11:44:30', 'OFF', 'online'),
(6403, 11, 369.231800, 225.290000, 1.637503, 9.567529, '2026-05-28 11:45:09', 'ON', 'online'),
(6404, 10, 0.000000, 203.850300, 0.000000, 1.750114, '2026-05-28 11:45:32', 'OFF', 'online'),
(6405, 11, 332.767400, 224.860900, 1.479845, 9.573077, '2026-05-28 11:46:10', 'ON', 'online'),
(6406, 10, 0.000000, 204.221800, 0.000000, 1.750114, '2026-05-28 11:46:31', 'OFF', 'online'),
(6407, 11, 339.063000, 224.594000, 1.508521, 9.578730, '2026-05-28 11:47:10', 'ON', 'online'),
(6408, 10, 0.000000, 203.990700, 0.000000, 1.750114, '2026-05-28 11:47:31', 'OFF', 'online'),
(6409, 11, 339.279700, 224.318000, 1.512008, 9.584389, '2026-05-28 11:48:09', 'ON', 'online'),
(6410, 10, 0.000000, 204.918600, 0.000000, 1.750114, '2026-05-28 11:48:31', 'OFF', 'online'),
(6411, 11, 326.154700, 224.438200, 1.452374, 9.589829, '2026-05-28 11:49:09', 'ON', 'online'),
(6412, 10, 0.000000, 204.769800, 0.000000, 1.750114, '2026-05-28 11:49:31', 'OFF', 'online'),
(6413, 11, 352.954500, 226.172900, 1.558708, 9.595714, '2026-05-28 11:50:09', 'ON', 'online'),
(6414, 10, 0.000000, 204.794800, 0.000000, 1.750114, '2026-05-28 11:50:31', 'OFF', 'online'),
(6415, 11, 332.109000, 225.232500, 1.475695, 9.601250, '2026-05-28 11:51:09', 'ON', 'online'),
(6416, 10, 0.000000, 204.395200, 0.000000, 1.750114, '2026-05-28 11:51:31', 'OFF', 'online'),
(6417, 11, 349.476700, 225.074600, 1.551904, 9.607078, '2026-05-28 11:52:09', 'ON', 'online'),
(6418, 10, 0.000000, 205.367200, 0.000000, 1.750114, '2026-05-28 11:52:31', 'OFF', 'online'),
(6419, 11, 330.214200, 225.028700, 1.465617, 9.612582, '2026-05-28 11:53:09', 'ON', 'online'),
(6420, 10, 0.000000, 205.289500, 0.000000, 1.750114, '2026-05-28 11:53:32', 'OFF', 'online'),
(6421, 11, 344.480800, 224.015700, 1.536291, 9.618325, '2026-05-28 11:54:09', 'ON', 'online'),
(6422, 10, 0.000000, 205.355300, 0.000000, 1.750114, '2026-05-28 11:54:32', 'OFF', 'online'),
(6423, 11, 364.271600, 224.988300, 1.617265, 9.624400, '2026-05-28 11:55:10', 'ON', 'online'),
(6424, 10, 0.000000, 205.587400, 0.000000, 1.750114, '2026-05-28 11:55:32', 'OFF', 'online'),
(6425, 11, 347.768900, 224.303100, 1.549942, 9.630201, '2026-05-28 11:56:10', 'ON', 'online'),
(6426, 10, 0.000000, 205.474700, 0.000000, 1.750114, '2026-05-28 11:56:32', 'OFF', 'online'),
(6427, 11, 379.397000, 225.074000, 1.685445, 9.636528, '2026-05-28 11:57:10', 'ON', 'online'),
(6428, 10, 0.000000, 205.793000, 0.000000, 1.750114, '2026-05-28 11:57:32', 'OFF', 'online'),
(6429, 11, 323.250900, 224.242200, 1.440872, 9.641917, '2026-05-28 11:58:10', 'ON', 'online'),
(6430, 10, 0.000000, 205.823200, 0.000000, 1.750114, '2026-05-28 11:58:32', 'OFF', 'online'),
(6431, 11, 361.664000, 224.558100, 1.610417, 9.647946, '2026-05-28 11:59:10', 'ON', 'online'),
(6432, 10, 0.000000, 205.850600, 0.000000, 1.750114, '2026-05-28 11:59:32', 'OFF', 'online'),
(6433, 11, 320.533800, 225.094600, 1.422346, 9.653288, '2026-05-28 12:00:10', 'ON', 'online'),
(6434, 10, 0.000000, 206.340700, 0.000000, 1.750114, '2026-05-28 12:00:32', 'OFF', 'online'),
(6435, 11, 300.528800, 225.981100, 1.330491, 9.658296, '2026-05-28 12:01:10', 'ON', 'online'),
(6436, 10, 0.000000, 207.520800, 0.000000, 1.750114, '2026-05-28 12:01:32', 'OFF', 'online'),
(6437, 11, 357.401500, 226.454900, 1.576789, 9.664255, '2026-05-28 12:02:10', 'ON', 'online'),
(6438, 10, 0.000000, 207.005100, 0.000000, 1.750114, '2026-05-28 12:02:32', 'OFF', 'online'),
(6439, 11, 329.371000, 225.478600, 1.459186, 9.669748, '2026-05-28 12:03:10', 'ON', 'online'),
(6440, 10, 0.000000, 206.237200, 0.000000, 1.750114, '2026-05-28 12:03:32', 'OFF', 'online'),
(6441, 11, 312.610300, 224.530700, 1.391255, 9.674961, '2026-05-28 12:04:10', 'ON', 'online'),
(6442, 10, 0.000000, 203.452000, 0.000000, 1.750114, '2026-05-28 12:04:32', 'OFF', 'online'),
(6443, 11, 365.757500, 225.130100, 1.624302, 9.681060, '2026-05-28 12:05:10', 'ON', 'online'),
(6444, 10, 0.000000, 205.143700, 0.000000, 1.750114, '2026-05-28 12:05:32', 'OFF', 'online'),
(6445, 11, 334.592100, 223.906900, 1.490312, 9.686643, '2026-05-28 12:06:10', 'ON', 'online'),
(6446, 10, 0.000000, 204.387200, 0.000000, 1.750114, '2026-05-28 12:06:32', 'OFF', 'online'),
(6447, 11, 299.361000, 224.308200, 1.333742, 9.691635, '2026-05-28 12:07:10', 'ON', 'online'),
(6448, 10, 0.000000, 204.801500, 0.000000, 1.750114, '2026-05-28 12:07:32', 'OFF', 'online'),
(6449, 11, 384.086100, 225.491900, 1.705939, 9.698038, '2026-05-28 12:08:10', 'ON', 'online'),
(6450, 10, 0.000000, 203.880600, 0.000000, 1.750114, '2026-05-28 12:08:32', 'OFF', 'online'),
(6451, 11, 321.317600, 224.870800, 1.429868, 9.703397, '2026-05-28 12:09:10', 'ON', 'online'),
(6452, 10, 0.000000, 204.145000, 0.000000, 1.750114, '2026-05-28 12:09:32', 'OFF', 'online'),
(6453, 11, 287.573800, 224.572200, 1.280069, 9.708190, '2026-05-28 12:10:13', 'ON', 'online'),
(6454, 10, 0.000000, 204.222100, 0.000000, 1.750114, '2026-05-28 12:10:32', 'OFF', 'online'),
(6455, 11, 391.742400, 223.975800, 1.747306, 9.715162, '2026-05-28 12:11:12', 'ON', 'online'),
(6456, 10, 0.000000, 203.980100, 0.000000, 1.750114, '2026-05-28 12:11:32', 'OFF', 'online'),
(6457, 11, 396.418500, 224.280600, 1.766936, 9.721772, '2026-05-28 12:12:12', 'ON', 'online'),
(6458, 10, 0.000000, 203.739200, 0.000000, 1.750114, '2026-05-28 12:12:32', 'OFF', 'online'),
(6459, 11, 318.637500, 223.344700, 1.427004, 9.727086, '2026-05-28 12:13:13', 'ON', 'online'),
(6460, 10, 0.000000, 202.415400, 0.000000, 1.750114, '2026-05-28 12:13:32', 'OFF', 'online'),
(6461, 11, 330.817200, 223.035200, 1.482454, 9.732600, '2026-05-28 12:14:13', 'ON', 'online'),
(6462, 10, 0.000000, 202.286800, 0.000000, 1.750114, '2026-05-28 12:14:32', 'OFF', 'online'),
(6463, 11, 319.194300, 223.248900, 1.430195, 9.737925, '2026-05-28 12:15:12', 'ON', 'online'),
(6464, 10, 0.000000, 203.886000, 0.000000, 1.750114, '2026-05-28 12:15:32', 'OFF', 'online');
INSERT INTO `energy_data` (`id`, `device_id`, `power`, `voltage`, `current`, `energy`, `created_at`, `machine_status`, `device_status`) VALUES
(6465, 11, 350.194200, 225.311100, 1.553041, 9.743760, '2026-05-28 12:16:16', 'ON', 'online'),
(6466, 10, 0.000000, 204.102600, 0.000000, 1.750114, '2026-05-28 12:16:35', 'OFF', 'online'),
(6467, 11, 288.477400, 224.573400, 1.283188, 9.748693, '2026-05-28 12:17:18', 'ON', 'online'),
(6468, 10, 0.000000, 203.739400, 0.000000, 1.750114, '2026-05-28 12:17:34', 'OFF', 'online'),
(6469, 11, 303.147100, 224.145800, 1.353105, 9.754051, '2026-05-28 12:18:18', 'ON', 'online'),
(6470, 10, 0.000000, 203.967000, 0.000000, 1.750114, '2026-05-28 12:18:34', 'OFF', 'online'),
(6471, 11, 347.134200, 224.522600, 1.544955, 9.759837, '2026-05-28 12:19:18', 'ON', 'online'),
(6472, 10, 0.000000, 203.562300, 0.000000, 1.750114, '2026-05-28 12:19:35', 'OFF', 'online'),
(6473, 11, 369.415500, 224.054000, 1.649945, 9.765993, '2026-05-28 12:20:18', 'ON', 'online'),
(6474, 10, 0.000000, 204.450500, 0.000000, 1.750114, '2026-05-28 12:20:34', 'OFF', 'online'),
(6475, 11, 256.232400, 224.704500, 1.140486, 9.770265, '2026-05-28 12:21:18', 'ON', 'online'),
(6476, 10, 0.000000, 204.098900, 0.000000, 1.750114, '2026-05-28 12:21:35', 'OFF', 'online'),
(6477, 11, 334.216900, 224.900200, 1.489067, 9.775841, '2026-05-28 12:22:18', 'ON', 'online'),
(6478, 10, 0.000000, 204.048000, 0.000000, 1.750114, '2026-05-28 12:22:34', 'OFF', 'online'),
(6479, 11, 345.782600, 223.694100, 1.546269, 9.781609, '2026-05-28 12:23:18', 'ON', 'online'),
(6480, 10, 0.000000, 203.884100, 0.000000, 1.750114, '2026-05-28 12:23:35', 'OFF', 'online'),
(6481, 11, 321.507000, 224.251100, 1.435631, 9.786968, '2026-05-28 12:24:18', 'ON', 'online'),
(6482, 10, 0.000000, 203.591800, 0.000000, 1.750114, '2026-05-28 12:24:37', 'OFF', 'online'),
(6483, 11, 306.610700, 222.982800, 1.373816, 9.792084, '2026-05-28 12:25:18', 'ON', 'online'),
(6484, 10, 0.000000, 204.871600, 0.000000, 1.750114, '2026-05-28 12:25:37', 'OFF', 'online'),
(6485, 11, 302.557600, 225.392900, 1.344121, 9.797127, '2026-05-28 12:26:18', 'ON', 'online'),
(6486, 10, 0.000000, 203.919600, 0.000000, 1.750114, '2026-05-28 12:26:37', 'OFF', 'online'),
(6487, 11, 364.981600, 222.992400, 1.636550, 9.803212, '2026-05-28 12:27:18', 'ON', 'online'),
(6488, 10, 0.000000, 203.539400, 0.000000, 1.750114, '2026-05-28 12:27:37', 'OFF', 'online'),
(6489, 11, 305.948800, 224.288000, 1.364278, 9.808311, '2026-05-28 12:28:18', 'ON', 'online'),
(6490, 10, 0.000000, 203.841000, 0.000000, 1.750114, '2026-05-28 12:28:37', 'OFF', 'online'),
(6491, 11, 295.918300, 224.502400, 1.318804, 9.813247, '2026-05-28 12:29:18', 'ON', 'online'),
(6492, 10, 0.000000, 202.855800, 0.000000, 1.750114, '2026-05-28 12:29:37', 'OFF', 'online'),
(6493, 11, 330.483000, 223.710200, 1.477402, 9.818759, '2026-05-28 12:30:21', 'ON', 'online'),
(6494, 10, 0.000000, 205.225100, 0.000000, 1.750114, '2026-05-28 12:30:37', 'OFF', 'online'),
(6495, 11, 344.840400, 225.449100, 1.527195, 9.824791, '2026-05-28 12:31:21', 'ON', 'online'),
(6496, 10, 0.000000, 207.832700, 0.000000, 1.750114, '2026-05-28 12:31:37', 'OFF', 'online'),
(6497, 11, 359.935500, 227.917800, 1.579901, 9.830795, '2026-05-28 12:32:21', 'ON', 'online'),
(6498, 10, 0.000000, 206.752000, 0.000000, 1.750114, '2026-05-28 12:32:37', 'OFF', 'online'),
(6499, 11, 323.375300, 226.864700, 1.422868, 9.836191, '2026-05-28 12:33:21', 'ON', 'online'),
(6500, 10, 296.807100, 205.900700, 1.449138, 1.755052, '2026-05-28 12:33:37', 'ON', 'online'),
(6501, 11, 350.659200, 225.677000, 1.550271, 9.842040, '2026-05-28 12:34:21', 'ON', 'online'),
(6502, 10, 629.702300, 203.595600, 3.093001, 1.765552, '2026-05-28 12:34:37', 'ON', 'online'),
(6503, 11, 349.615100, 223.201500, 1.565591, 9.847872, '2026-05-28 12:35:21', 'ON', 'online'),
(6504, 10, 630.631900, 204.604400, 3.082232, 1.776068, '2026-05-28 12:35:37', 'ON', 'online'),
(6505, 11, 315.907100, 224.606600, 1.405527, 9.853134, '2026-05-28 12:36:21', 'ON', 'online'),
(6506, 10, 628.943200, 204.321600, 3.078229, 1.786556, '2026-05-28 12:36:37', 'ON', 'online'),
(6507, 11, 330.444700, 223.402900, 1.479924, 9.858643, '2026-05-28 12:37:21', 'ON', 'online'),
(6508, 10, 631.255700, 205.141600, 3.077145, 1.797082, '2026-05-28 12:37:37', 'ON', 'online'),
(6509, 11, 295.406100, 222.440200, 1.328335, 9.863569, '2026-05-28 12:38:21', 'ON', 'online'),
(6510, 10, 619.738600, 202.333600, 3.062764, 1.807416, '2026-05-28 12:38:37', 'ON', 'online'),
(6511, 11, 286.247300, 223.922700, 1.276760, 9.868342, '2026-05-28 12:39:21', 'ON', 'online'),
(6512, 10, 498.355500, 205.398600, 2.429479, 1.815727, '2026-05-28 12:39:37', 'ON', 'online'),
(6513, 11, 405.828300, 226.184900, 1.794353, 9.875112, '2026-05-28 12:40:24', 'ON', 'online'),
(6514, 10, 396.436200, 206.538600, 1.919416, 1.822337, '2026-05-28 12:40:37', 'ON', 'online'),
(6515, 11, 288.602300, 224.867100, 1.284659, 9.880255, '2026-05-28 12:41:24', 'ON', 'online'),
(6516, 10, 395.359500, 206.550600, 1.914103, 1.828929, '2026-05-28 12:41:37', 'ON', 'online'),
(6517, 11, 370.151400, 225.495200, 1.641067, 9.886424, '2026-05-28 12:42:24', 'ON', 'online'),
(6518, 10, 587.540200, 205.830900, 2.854886, 1.838726, '2026-05-28 12:42:37', 'ON', 'online'),
(6519, 11, 331.943700, 225.926000, 1.466647, 9.891956, '2026-05-28 12:43:24', 'ON', 'online'),
(6520, 10, 436.220900, 206.228700, 2.116107, 1.846000, '2026-05-28 12:43:37', 'ON', 'online'),
(6521, 11, 297.482700, 224.931800, 1.325064, 9.896917, '2026-05-28 12:44:24', 'ON', 'online'),
(6522, 10, 126.797300, 207.154800, 0.616203, 1.848114, '2026-05-28 12:44:38', 'ON', 'online'),
(6523, 11, 322.871200, 224.712100, 1.436263, 9.902306, '2026-05-28 12:45:24', 'ON', 'online'),
(6524, 10, 391.559700, 205.917300, 1.902662, 1.854643, '2026-05-28 12:45:37', 'ON', 'online'),
(6525, 11, 359.359600, 225.045000, 1.596489, 9.908296, '2026-05-28 12:46:24', 'ON', 'online'),
(6526, 10, 354.621400, 206.836200, 1.715209, 1.860557, '2026-05-28 12:46:37', 'ON', 'online'),
(6527, 11, 314.758600, 225.225800, 1.398639, 9.913546, '2026-05-28 12:47:24', 'ON', 'online'),
(6528, 10, 38.034710, 207.673900, 0.182812, 1.861191, '2026-05-28 12:47:38', 'ON', 'online'),
(6529, 11, 361.853800, 223.910600, 1.614991, 9.919580, '2026-05-28 12:48:24', 'ON', 'online'),
(6530, 10, 583.962300, 205.434600, 2.846345, 1.870929, '2026-05-28 12:48:37', 'ON', 'online'),
(6531, 11, 270.922900, 225.499900, 1.201363, 9.924095, '2026-05-28 12:49:24', 'ON', 'online'),
(6532, 10, 99.129070, 207.612400, 0.479120, 1.872582, '2026-05-28 12:49:38', 'ON', 'online'),
(6533, 11, 372.570400, 224.872600, 1.660896, 9.930307, '2026-05-28 12:50:24', 'ON', 'online'),
(6534, 10, 259.145500, 205.860900, 1.258143, 1.876903, '2026-05-28 12:50:38', 'ON', 'online'),
(6535, 11, 276.159600, 224.120700, 1.237329, 9.934912, '2026-05-28 12:51:24', 'ON', 'online'),
(6536, 10, 402.992600, 204.204400, 1.976171, 1.883623, '2026-05-28 12:51:41', 'ON', 'online'),
(6537, 11, 342.981400, 224.492300, 1.527369, 9.940631, '2026-05-28 12:52:24', 'ON', 'online'),
(6538, 10, 293.783800, 206.280500, 1.427006, 1.888790, '2026-05-28 12:52:40', 'ON', 'online'),
(6539, 11, 248.129700, 224.637100, 1.104782, 9.944770, '2026-05-28 12:53:24', 'ON', 'online'),
(6540, 10, 200.324800, 206.632500, 0.970048, 1.892131, '2026-05-28 12:53:40', 'ON', 'online'),
(6541, 11, 364.156500, 226.214700, 1.609521, 9.950839, '2026-05-28 12:54:28', 'ON', 'online'),
(6542, 10, 245.932600, 206.658700, 1.190862, 1.896232, '2026-05-28 12:54:40', 'ON', 'online'),
(6543, 11, 339.534200, 226.271900, 1.501087, 9.956646, '2026-05-28 12:55:28', 'ON', 'online'),
(6544, 11, 336.019000, 225.276100, 1.490045, 9.962251, '2026-05-28 12:56:27', 'ON', 'online'),
(6545, 10, 309.853000, 204.816500, 1.512605, 1.908196, '2026-05-28 12:56:44', 'ON', 'online'),
(6546, 11, 303.927600, 226.587400, 1.341914, 9.967315, '2026-05-28 12:57:27', 'ON', 'online'),
(6547, 11, 359.437900, 225.425200, 1.592895, 9.973310, '2026-05-28 12:58:27', 'ON', 'online'),
(6548, 10, 334.078800, 205.452100, 1.631550, 1.918187, '2026-05-28 12:58:49', 'ON', 'online'),
(6549, 11, 330.995200, 225.610900, 1.468047, 9.978833, '2026-05-28 12:59:27', 'ON', 'online'),
(6550, 10, 287.351000, 206.302200, 1.393666, 1.922979, '2026-05-28 12:59:49', 'ON', 'online'),
(6551, 11, 314.799400, 224.863800, 1.400531, 9.984081, '2026-05-28 13:00:27', 'ON', 'online'),
(6552, 10, 269.621500, 203.659500, 1.323780, 1.927475, '2026-05-28 13:00:49', 'ON', 'online'),
(6553, 11, 356.337500, 224.464300, 1.586749, 9.990023, '2026-05-28 13:01:27', 'ON', 'online'),
(6554, 10, 446.197700, 203.714800, 2.191167, 1.934916, '2026-05-28 13:01:52', 'ON', 'online'),
(6555, 11, 332.679300, 224.892000, 1.481590, 9.995570, '2026-05-28 13:02:27', 'ON', 'online'),
(6556, 10, 285.959900, 204.744400, 1.400020, 1.940087, '2026-05-28 13:02:51', 'ON', 'online'),
(6557, 11, 318.843500, 223.819700, 1.425384, 10.000890, '2026-05-28 13:03:30', 'ON', 'online'),
(6558, 10, 277.031300, 202.458800, 1.369308, 1.944706, '2026-05-28 13:03:52', 'ON', 'online'),
(6559, 11, 320.653400, 223.223400, 1.435858, 10.006540, '2026-05-28 13:04:29', 'ON', 'online'),
(6560, 10, 222.216200, 201.734000, 1.105306, 1.948411, '2026-05-28 13:04:51', 'ON', 'online'),
(6561, 11, 364.284100, 224.037800, 1.624020, 10.012610, '2026-05-28 13:05:29', 'ON', 'online'),
(6562, 10, 431.470700, 200.121100, 2.157136, 1.955605, '2026-05-28 13:05:51', 'ON', 'online'),
(6563, 11, 370.394200, 222.839500, 1.662588, 10.018800, '2026-05-28 13:06:30', 'ON', 'online'),
(6564, 10, 199.682300, 200.374300, 0.997566, 1.958935, '2026-05-28 13:06:52', 'ON', 'online'),
(6565, 11, 335.748400, 222.405200, 1.509629, 10.024400, '2026-05-28 13:07:29', 'ON', 'online'),
(6566, 10, 234.470500, 200.883200, 1.169048, 1.962845, '2026-05-28 13:07:52', 'ON', 'online'),
(6567, 11, 355.660500, 222.621400, 1.598548, 10.030330, '2026-05-28 13:08:30', 'ON', 'online'),
(6568, 10, 410.194900, 199.426900, 2.059730, 1.969684, '2026-05-28 13:08:52', 'ON', 'online'),
(6569, 11, 324.911900, 220.899000, 1.473092, 10.035750, '2026-05-28 13:09:30', 'ON', 'online'),
(6570, 10, 264.749200, 200.780700, 1.325028, 1.974100, '2026-05-28 13:09:52', 'ON', 'online'),
(6571, 11, 358.177300, 223.070400, 1.606634, 10.041710, '2026-05-28 13:10:30', 'ON', 'online'),
(6572, 10, 222.225400, 202.514000, 1.098668, 1.977805, '2026-05-28 13:10:52', 'ON', 'online'),
(6573, 11, 286.134800, 222.907500, 1.284281, 10.046490, '2026-05-28 13:11:30', 'ON', 'online'),
(6574, 10, 325.548700, 201.570800, 1.617860, 1.983234, '2026-05-28 13:11:52', 'ON', 'online'),
(6575, 11, 386.789400, 222.023100, 1.739410, 10.052930, '2026-05-28 13:12:30', 'ON', 'online'),
(6576, 10, 344.200900, 201.239100, 1.712874, 1.988974, '2026-05-28 13:12:52', 'ON', 'online'),
(6577, 11, 321.198400, 221.573800, 1.453165, 10.058290, '2026-05-28 13:13:30', 'ON', 'online'),
(6578, 10, 233.900200, 202.041300, 1.158100, 1.992874, '2026-05-28 13:13:52', 'ON', 'online'),
(6579, 11, 369.389400, 222.660600, 1.658959, 10.064450, '2026-05-28 13:14:30', 'ON', 'online'),
(6580, 10, 282.485900, 202.746100, 1.396156, 1.997584, '2026-05-28 13:14:52', 'ON', 'online'),
(6581, 11, 315.168000, 222.684200, 1.416534, 10.069700, '2026-05-28 13:15:30', 'ON', 'online'),
(6582, 10, 366.841000, 201.432000, 1.824323, 2.003701, '2026-05-28 13:15:52', 'ON', 'online'),
(6583, 11, 371.124500, 223.228900, 1.660635, 10.075900, '2026-05-28 13:16:30', 'ON', 'online'),
(6584, 10, 104.127800, 203.219000, 0.515107, 2.005437, '2026-05-28 13:16:52', 'ON', 'online'),
(6585, 11, 346.936500, 222.313000, 1.561213, 10.081680, '2026-05-28 13:17:30', 'ON', 'online'),
(6586, 10, 334.337600, 202.723600, 1.651782, 2.011012, '2026-05-28 13:17:52', 'ON', 'online'),
(6587, 11, 336.305100, 222.093200, 1.514662, 10.087290, '2026-05-28 13:18:30', 'ON', 'online'),
(6588, 10, 393.403100, 200.840800, 1.958063, 2.017572, '2026-05-28 13:18:53', 'ON', 'online'),
(6589, 11, 346.526700, 221.254100, 1.564612, 10.093070, '2026-05-28 13:19:30', 'ON', 'online'),
(6590, 10, 99.989270, 202.496500, 0.495082, 2.019255, '2026-05-28 13:19:52', 'ON', 'online'),
(6591, 11, 337.661900, 222.873600, 1.516925, 10.098700, '2026-05-28 13:20:30', 'ON', 'online'),
(6592, 10, 123.546900, 203.218500, 0.613637, 2.021315, '2026-05-28 13:20:52', 'ON', 'online'),
(6593, 11, 381.091800, 221.552200, 1.717749, 10.105050, '2026-05-28 13:21:30', 'ON', 'online'),
(6594, 10, 491.875300, 201.771300, 2.446134, 2.029518, '2026-05-28 13:21:52', 'ON', 'online'),
(6595, 11, 399.705300, 223.346900, 1.791371, 10.111720, '2026-05-28 13:22:30', 'ON', 'online'),
(6596, 10, 86.077370, 203.417400, 0.425217, 2.030953, '2026-05-28 13:22:52', 'ON', 'online'),
(6597, 11, 310.651900, 222.974800, 1.390165, 10.116900, '2026-05-28 13:23:30', 'ON', 'online'),
(6598, 10, 429.948900, 202.182800, 2.127840, 2.038123, '2026-05-28 13:23:52', 'ON', 'online'),
(6599, 11, 324.157700, 222.753500, 1.454583, 10.122300, '2026-05-28 13:24:30', 'ON', 'online'),
(6600, 10, 181.085900, 202.993500, 0.897308, 2.041143, '2026-05-28 13:24:52', 'ON', 'online'),
(6601, 11, 348.788200, 221.843300, 1.573015, 10.128120, '2026-05-28 13:25:30', 'ON', 'online'),
(6602, 10, 403.448700, 201.617900, 2.000154, 2.047871, '2026-05-28 13:25:53', 'ON', 'online'),
(6603, 11, 338.737600, 222.580100, 1.522843, 10.133770, '2026-05-28 13:26:33', 'ON', 'online'),
(6604, 11, 370.966500, 223.092000, 1.663429, 10.140250, '2026-05-28 13:27:35', 'ON', 'online'),
(6605, 10, 218.428900, 202.819400, 1.078230, 2.055950, '2026-05-28 13:28:00', 'ON', 'online'),
(6606, 11, 361.722200, 222.630700, 1.625561, 10.146570, '2026-05-28 13:28:35', 'ON', 'online'),
(6607, 10, 449.313200, 201.287100, 2.234920, 2.063693, '2026-05-28 13:28:59', 'ON', 'online'),
(6608, 11, 370.055500, 222.953000, 1.661463, 10.152740, '2026-05-28 13:29:35', 'ON', 'online'),
(6609, 10, 233.551700, 202.040400, 1.157571, 2.067587, '2026-05-28 13:29:59', 'ON', 'online'),
(6610, 11, 377.680200, 223.503800, 1.694384, 10.159040, '2026-05-28 13:30:41', 'ON', 'online'),
(6611, 10, 190.720000, 202.653800, 0.942979, 2.070766, '2026-05-28 13:30:59', 'ON', 'online'),
(6612, 11, 290.033200, 222.009400, 1.306937, 10.163930, '2026-05-28 13:31:41', 'ON', 'online'),
(6613, 10, 319.059400, 200.442800, 1.591711, 2.076086, '2026-05-28 13:31:59', 'ON', 'online'),
(6614, 11, 276.428600, 219.798200, 1.256933, 10.168530, '2026-05-28 13:32:41', 'ON', 'online'),
(6615, 10, 329.125400, 198.492400, 1.661223, 2.081574, '2026-05-28 13:32:59', 'ON', 'online'),
(6616, 11, 405.146800, 221.167300, 1.832302, 10.175290, '2026-05-28 13:33:41', 'ON', 'online'),
(6617, 10, 304.912600, 200.644900, 1.526125, 2.086659, '2026-05-28 13:34:00', 'ON', 'online'),
(6618, 11, 313.400300, 223.297000, 1.402078, 10.180520, '2026-05-28 13:34:44', 'ON', 'online'),
(6619, 10, 286.905900, 200.023400, 1.434399, 2.091443, '2026-05-28 13:35:00', 'ON', 'online'),
(6620, 11, 358.683700, 221.590000, 1.618713, 10.186770, '2026-05-28 13:35:43', 'ON', 'online'),
(6621, 11, 283.143400, 221.654000, 1.278162, 10.191500, '2026-05-28 13:36:46', 'ON', 'online'),
(6622, 11, 374.205400, 222.989200, 1.681084, 10.197870, '2026-05-28 13:37:46', 'ON', 'online'),
(6623, 10, 165.045200, 202.284900, 0.817058, 2.107210, '2026-05-28 13:38:08', 'ON', 'online'),
(6624, 10, 387.440900, 198.831600, 1.954932, 2.113670, '2026-05-28 13:39:08', 'ON', 'online'),
(6625, 11, 402.849000, 221.456700, 1.820548, 10.210300, '2026-05-28 13:39:51', 'ON', 'online'),
(6626, 10, 330.785500, 197.723900, 1.673276, 2.119186, '2026-05-28 13:40:08', 'ON', 'online'),
(6627, 10, 357.635700, 196.540100, 1.820714, 2.125149, '2026-05-28 13:41:08', 'ON', 'online'),
(6628, 11, 354.999000, 220.207500, 1.614217, 10.222310, '2026-05-28 13:41:55', 'ON', 'online'),
(6629, 10, 345.268600, 197.061500, 1.752739, 2.130906, '2026-05-28 13:42:08', 'ON', 'online'),
(6630, 11, 389.418700, 222.161300, 1.752952, 10.228800, '2026-05-28 13:42:55', 'ON', 'online'),
(6631, 10, 271.003100, 200.493000, 1.365282, 2.135426, '2026-05-28 13:43:08', 'ON', 'online'),
(6632, 11, 334.785100, 223.173500, 1.500664, 10.234390, '2026-05-28 13:44:01', 'ON', 'online'),
(6633, 10, 308.117200, 202.347000, 1.523062, 2.140564, '2026-05-28 13:44:11', 'ON', 'online'),
(6634, 11, 320.751200, 222.793900, 1.442074, 10.239770, '2026-05-28 13:45:01', 'ON', 'online'),
(6635, 10, 134.105500, 201.997100, 0.674099, 2.142812, '2026-05-28 13:45:10', 'ON', 'online'),
(6636, 11, 420.222000, 225.553800, 1.864774, 10.246780, '2026-05-28 13:46:01', 'ON', 'online'),
(6637, 11, 397.296600, 224.375700, 1.771016, 10.253410, '2026-05-28 13:47:01', 'ON', 'online'),
(6638, 10, 116.222300, 204.077900, 0.571293, 2.151387, '2026-05-28 13:47:15', 'ON', 'online'),
(6639, 11, 289.643600, 224.873500, 1.290806, 10.258240, '2026-05-28 13:48:01', 'ON', 'online'),
(6640, 10, 298.429500, 203.968100, 1.469028, 2.156363, '2026-05-28 13:48:15', 'ON', 'online'),
(6641, 11, 352.780000, 224.775600, 1.569867, 10.264120, '2026-05-28 13:49:04', 'ON', 'online'),
(6642, 10, 393.416800, 203.617400, 1.932165, 2.162923, '2026-05-28 13:49:15', 'ON', 'online'),
(6643, 11, 347.083800, 225.001400, 1.543372, 10.270220, '2026-05-28 13:50:04', 'ON', 'online'),
(6644, 10, 158.273900, 204.577500, 0.776592, 2.165563, '2026-05-28 13:50:15', 'ON', 'online'),
(6645, 11, 396.812700, 225.115300, 1.761698, 10.276830, '2026-05-28 13:51:04', 'ON', 'online'),
(6646, 10, 271.221500, 203.456600, 1.336323, 2.170085, '2026-05-28 13:51:15', 'ON', 'online'),
(6647, 11, 429.419500, 225.330400, 1.905829, 10.283990, '2026-05-28 13:52:03', 'ON', 'online'),
(6648, 10, 340.391400, 202.816000, 1.681099, 2.175761, '2026-05-28 13:52:15', 'ON', 'online'),
(6649, 11, 362.738900, 223.820800, 1.620816, 10.290040, '2026-05-28 13:53:03', 'ON', 'online'),
(6650, 10, 292.797800, 203.512000, 1.440061, 2.180644, '2026-05-28 13:53:15', 'ON', 'online'),
(6651, 11, 378.587000, 224.762800, 1.686043, 10.296350, '2026-05-28 13:54:03', 'ON', 'online'),
(6652, 10, 117.162900, 204.742200, 0.576549, 2.182598, '2026-05-28 13:54:18', 'ON', 'online'),
(6653, 11, 307.964100, 226.296300, 1.357879, 10.301490, '2026-05-28 13:55:03', 'ON', 'online'),
(6654, 10, 339.585800, 202.892100, 1.683294, 2.188274, '2026-05-28 13:55:18', 'ON', 'online'),
(6655, 11, 383.003200, 226.541300, 1.691894, 10.307870, '2026-05-28 13:56:04', 'ON', 'online'),
(6656, 10, 305.832700, 203.403100, 1.513752, 2.193374, '2026-05-28 13:56:21', 'ON', 'online'),
(6657, 11, 308.925200, 226.583400, 1.362059, 10.313030, '2026-05-28 13:57:10', 'ON', 'online'),
(6658, 11, 375.135300, 225.647800, 1.661004, 10.319830, '2026-05-28 13:58:10', 'ON', 'online'),
(6659, 10, 452.539300, 202.328900, 2.239132, 2.202335, '2026-05-28 13:58:25', 'ON', 'online'),
(6660, 11, 327.266600, 225.815400, 1.448716, 10.325300, '2026-05-28 13:59:10', 'ON', 'online'),
(6661, 10, 176.062200, 204.735500, 0.862294, 2.205271, '2026-05-28 13:59:25', 'ON', 'online'),
(6662, 11, 359.231700, 226.075000, 1.588399, 10.331300, '2026-05-28 14:00:10', 'ON', 'online'),
(6663, 10, 194.887200, 204.730300, 0.954049, 2.208521, '2026-05-28 14:00:25', 'ON', 'online'),
(6664, 11, 319.248700, 225.878800, 1.415208, 10.336620, '2026-05-28 14:01:10', 'ON', 'online'),
(6665, 10, 212.165500, 204.302400, 1.040196, 2.212060, '2026-05-28 14:01:25', 'ON', 'online'),
(6666, 11, 306.874100, 224.130400, 1.371130, 10.341740, '2026-05-28 14:02:10', 'ON', 'online'),
(6667, 10, 26.257570, 202.335600, 0.129805, 2.212497, '2026-05-28 14:02:25', 'ON', 'online'),
(6668, 11, 386.242000, 224.070600, 1.722145, 10.348180, '2026-05-28 14:03:10', 'ON', 'online'),
(6669, 10, 22.793660, 201.251500, 0.113260, 2.212878, '2026-05-28 14:03:25', 'ON', 'online'),
(6670, 10, 22.533610, 203.316200, 0.110873, 2.213252, '2026-05-28 14:04:25', 'ON', 'online'),
(6671, 11, 316.850200, 223.694200, 1.416351, 10.361470, '2026-05-28 14:05:14', 'ON', 'online'),
(6672, 10, 24.107930, 202.795600, 0.118990, 2.213653, '2026-05-28 14:05:25', 'ON', 'online'),
(6673, 11, 348.984100, 223.890200, 1.562392, 10.367290, '2026-05-28 14:06:17', 'ON', 'online'),
(6674, 10, 26.386040, 201.388500, 0.131102, 2.214093, '2026-05-28 14:06:25', 'ON', 'online'),
(6675, 11, 300.152100, 224.674800, 1.334067, 10.372560, '2026-05-28 14:07:17', 'ON', 'online'),
(6676, 10, 19.161190, 202.365500, 0.094730, 2.214413, '2026-05-28 14:07:25', 'ON', 'online'),
(6677, 11, 293.451700, 223.813800, 1.306879, 10.377450, '2026-05-28 14:08:17', 'ON', 'online'),
(6678, 10, 27.987100, 202.029100, 0.138561, 2.214880, '2026-05-28 14:08:25', 'ON', 'online'),
(6679, 11, 378.527200, 223.327200, 1.693863, 10.383770, '2026-05-28 14:09:17', 'ON', 'online'),
(6680, 10, 566.196800, 200.631500, 2.822517, 2.224320, '2026-05-28 14:09:26', 'ON', 'online'),
(6681, 11, 256.864300, 223.472000, 1.149446, 10.388050, '2026-05-28 14:10:17', 'ON', 'online'),
(6682, 10, 606.472700, 201.794800, 3.005305, 2.234433, '2026-05-28 14:10:25', 'ON', 'online'),
(6683, 11, 414.915500, 224.903700, 1.846818, 10.394970, '2026-05-28 14:11:17', 'ON', 'online'),
(6684, 10, 566.481200, 202.850800, 2.793679, 2.243880, '2026-05-28 14:11:25', 'ON', 'online'),
(6685, 11, 362.461200, 224.407300, 1.614579, 10.401010, '2026-05-28 14:12:17', 'ON', 'online'),
(6686, 10, 375.749100, 203.463800, 1.846760, 2.250145, '2026-05-28 14:12:25', 'ON', 'online'),
(6687, 11, 362.797300, 223.815300, 1.620636, 10.407060, '2026-05-28 14:13:23', 'ON', 'online'),
(6688, 10, 375.222100, 203.452900, 1.844222, 2.256402, '2026-05-28 14:13:25', 'ON', 'online'),
(6689, 11, 421.882100, 225.069200, 1.874408, 10.421270, '2026-05-28 14:15:30', 'ON', 'online'),
(6690, 10, 420.461900, 203.604400, 2.067256, 2.264556, '2026-05-28 14:15:30', 'ON', 'online'),
(6691, 10, 193.680800, 204.560200, 0.949645, 2.267787, '2026-05-28 14:16:30', 'ON', 'online'),
(6692, 11, 295.127400, 224.213600, 1.314631, 10.426190, '2026-05-28 14:16:30', 'ON', 'online'),
(6693, 10, 165.252400, 205.110200, 0.808550, 2.270542, '2026-05-28 14:17:30', 'ON', 'online'),
(6694, 11, 386.947100, 226.512800, 1.708915, 10.432640, '2026-05-28 14:17:30', 'ON', 'online'),
(6695, 11, 353.694300, 224.212700, 1.575278, 10.438540, '2026-05-28 14:18:30', 'ON', 'online'),
(6696, 10, 484.342100, 203.809000, 2.381746, 2.278620, '2026-05-28 14:18:30', 'ON', 'online'),
(6697, 10, 74.497160, 205.296900, 0.364588, 2.279861, '2026-05-28 14:19:30', 'ON', 'online'),
(6698, 11, 457.897600, 226.030700, 2.029168, 10.446180, '2026-05-28 14:19:30', 'ON', 'online'),
(6699, 10, 278.920800, 204.362300, 1.364609, 2.284512, '2026-05-28 14:20:30', 'ON', 'online'),
(6700, 11, 395.150200, 224.606400, 1.761779, 10.452770, '2026-05-28 14:20:30', 'ON', 'online'),
(6701, 11, 388.369100, 225.031000, 1.724389, 10.459240, '2026-05-28 14:21:30', 'ON', 'online'),
(6702, 10, 329.657400, 205.013500, 1.611042, 2.290010, '2026-05-28 14:21:30', 'ON', 'online'),
(6703, 10, 288.099200, 204.883400, 1.412231, 2.294814, '2026-05-28 14:22:30', 'ON', 'online'),
(6704, 11, 348.828900, 224.938600, 1.550079, 10.465060, '2026-05-28 14:22:30', 'ON', 'online'),
(6705, 10, 124.892600, 206.048500, 0.609524, 2.296897, '2026-05-28 14:23:30', 'ON', 'online'),
(6706, 11, 270.806200, 226.544500, 1.196319, 10.469580, '2026-05-28 14:23:30', 'ON', 'online'),
(6707, 10, 364.848700, 204.374600, 1.785323, 2.302981, '2026-05-28 14:24:30', 'ON', 'online'),
(6708, 11, 359.299900, 224.468400, 1.600721, 10.475570, '2026-05-28 14:24:30', 'ON', 'online'),
(6709, 10, 276.208400, 205.265200, 1.347391, 2.307587, '2026-05-28 14:25:30', 'ON', 'online'),
(6710, 11, 285.489500, 224.961000, 1.269165, 10.480330, '2026-05-28 14:25:30', 'ON', 'online'),
(6711, 10, 275.101800, 203.925400, 1.350601, 2.312174, '2026-05-28 14:26:30', 'ON', 'online'),
(6712, 11, 379.571400, 225.418700, 1.684843, 10.486660, '2026-05-28 14:26:30', 'ON', 'online'),
(6713, 10, 56.025760, 205.101700, 0.273848, 2.313108, '2026-05-28 14:27:30', 'ON', 'online'),
(6714, 11, 276.097900, 226.082700, 1.220467, 10.491270, '2026-05-28 14:27:30', 'ON', 'online'),
(6715, 11, 352.353600, 222.655200, 1.582498, 10.497140, '2026-05-28 14:28:30', 'ON', 'online'),
(6716, 10, 519.992200, 201.091300, 2.590861, 2.321779, '2026-05-28 14:28:30', 'ON', 'online'),
(6717, 10, 71.554030, 202.295500, 0.355476, 2.322972, '2026-05-28 14:29:30', 'ON', 'online'),
(6718, 11, 401.155200, 223.618400, 1.793026, 10.503840, '2026-05-28 14:29:33', 'ON', 'online'),
(6719, 10, 276.869600, 202.815600, 1.364691, 2.327590, '2026-05-28 14:30:31', 'ON', 'online'),
(6720, 11, 352.476100, 224.800800, 1.564889, 10.509810, '2026-05-28 14:30:32', 'ON', 'online'),
(6721, 10, 282.592000, 203.202300, 1.391351, 2.332301, '2026-05-28 14:31:31', 'ON', 'online'),
(6722, 11, 450.751800, 224.259800, 2.008692, 10.517320, '2026-05-28 14:31:32', 'ON', 'online'),
(6723, 11, 419.142700, 225.352700, 1.859545, 10.524320, '2026-05-28 14:32:32', 'ON', 'online'),
(6724, 10, 359.436900, 203.322600, 1.775095, 2.338350, '2026-05-28 14:32:33', 'ON', 'online'),
(6725, 11, 313.808900, 226.119700, 1.389866, 10.529550, '2026-05-28 14:33:32', 'ON', 'online'),
(6726, 10, 31.414350, 205.426200, 0.153197, 2.338887, '2026-05-28 14:33:33', 'ON', 'online'),
(6727, 11, 351.125400, 225.063500, 1.561974, 10.535410, '2026-05-28 14:34:32', 'ON', 'online'),
(6728, 11, 374.872100, 225.826400, 1.661167, 10.541660, '2026-05-28 14:35:32', 'ON', 'online'),
(6729, 10, 254.581800, 204.417800, 1.250110, 2.350613, '2026-05-28 14:35:37', 'ON', 'online'),
(6730, 11, 319.556900, 224.973000, 1.419212, 10.546990, '2026-05-28 14:36:32', 'ON', 'online'),
(6731, 10, 337.269500, 203.713200, 1.656870, 2.356237, '2026-05-28 14:36:37', 'ON', 'online'),
(6732, 11, 382.136400, 226.089800, 1.689933, 10.553350, '2026-05-28 14:37:32', 'ON', 'online'),
(6733, 10, 20.204260, 205.208800, 0.098463, 2.356573, '2026-05-28 14:37:43', 'ON', 'online'),
(6734, 11, 309.258300, 223.248000, 1.385950, 10.558520, '2026-05-28 14:38:32', 'ON', 'online'),
(6735, 10, 469.250900, 202.985200, 2.318861, 2.364425, '2026-05-28 14:38:43', 'ON', 'online'),
(6736, 11, 335.940000, 225.052900, 1.490929, 10.564120, '2026-05-28 14:39:32', 'ON', 'online'),
(6737, 10, 276.077000, 203.834600, 1.357755, 2.369029, '2026-05-28 14:39:43', 'ON', 'online'),
(6738, 11, 259.942700, 224.887800, 1.158369, 10.568450, '2026-05-28 14:40:36', 'ON', 'online'),
(6739, 10, 72.478960, 204.937800, 0.356871, 2.370239, '2026-05-28 14:40:43', 'ON', 'online'),
(6740, 11, 350.783100, 224.195500, 1.563806, 10.574670, '2026-05-28 14:41:36', 'ON', 'online'),
(6741, 10, 363.181900, 201.484400, 1.810410, 2.376295, '2026-05-28 14:41:43', 'ON', 'online'),
(6742, 11, 352.746100, 223.787800, 1.577461, 10.580550, '2026-05-28 14:42:36', 'ON', 'online'),
(6743, 10, 332.714500, 203.448100, 1.635208, 2.381843, '2026-05-28 14:42:46', 'ON', 'online'),
(6744, 11, 426.309300, 225.900300, 1.887079, 10.587660, '2026-05-28 14:43:36', 'ON', 'online'),
(6745, 10, 285.847700, 202.459500, 1.414910, 2.386748, '2026-05-28 14:43:45', 'ON', 'online'),
(6746, 11, 431.838200, 224.922900, 1.921549, 10.594860, '2026-05-28 14:44:36', 'ON', 'online'),
(6747, 10, 56.227860, 203.718200, 0.276119, 2.387685, '2026-05-28 14:44:45', 'ON', 'online'),
(6748, 11, 337.379800, 223.701700, 1.510070, 10.600490, '2026-05-28 14:45:36', 'ON', 'online'),
(6749, 10, 492.289700, 202.885500, 2.428157, 2.395893, '2026-05-28 14:45:45', 'ON', 'online'),
(6750, 11, 345.621900, 225.620800, 1.532047, 10.606250, '2026-05-28 14:46:36', 'ON', 'online'),
(6751, 10, 139.970000, 203.508900, 0.690252, 2.398227, '2026-05-28 14:46:45', 'ON', 'online'),
(6752, 11, 293.538100, 224.455500, 1.308893, 10.611150, '2026-05-28 14:47:36', 'ON', 'online'),
(6753, 10, 207.052200, 204.181200, 1.016812, 2.401680, '2026-05-28 14:47:45', 'ON', 'online'),
(6754, 11, 388.204000, 225.044800, 1.725805, 10.617620, '2026-05-28 14:48:36', 'ON', 'online'),
(6755, 10, 252.671100, 203.373100, 1.248560, 2.405893, '2026-05-28 14:48:45', 'ON', 'online'),
(6756, 11, 347.004600, 224.265700, 1.546123, 10.623410, '2026-05-28 14:49:38', 'ON', 'online'),
(6757, 10, 323.686000, 203.940700, 1.599680, 2.411289, '2026-05-28 14:49:45', 'ON', 'online'),
(6758, 10, 157.631200, 204.936600, 0.772653, 2.413918, '2026-05-28 14:50:45', 'ON', 'online'),
(6759, 11, 396.141600, 226.038500, 1.756324, 10.637220, '2026-05-28 14:51:42', 'ON', 'online'),
(6760, 10, 251.332500, 204.634500, 1.228965, 2.418108, '2026-05-28 14:51:45', 'ON', 'online'),
(6761, 10, 246.420700, 203.658400, 1.212027, 2.429109, '2026-05-28 14:53:51', 'ON', 'online'),
(6762, 11, 389.931600, 224.008800, 1.742603, 10.651780, '2026-05-28 14:53:51', 'ON', 'online'),
(6763, 10, 158.795900, 205.225200, 0.775311, 2.431784, '2026-05-28 14:54:50', 'ON', 'online'),
(6764, 11, 333.537900, 226.376700, 1.474689, 10.657770, '2026-05-28 14:54:51', 'ON', 'online'),
(6765, 10, 465.276500, 204.494600, 2.281297, 2.439542, '2026-05-28 14:55:51', 'ON', 'online'),
(6766, 11, 364.339400, 225.459900, 1.615254, 10.663850, '2026-05-28 14:55:51', 'ON', 'online'),
(6767, 10, 124.066300, 205.577700, 0.606606, 2.441610, '2026-05-28 14:56:50', 'ON', 'online'),
(6768, 11, 349.145400, 225.615100, 1.547072, 10.669670, '2026-05-28 14:56:50', 'ON', 'online'),
(6769, 10, 248.438600, 206.067600, 1.205367, 2.445753, '2026-05-28 14:57:51', 'ON', 'online'),
(6770, 11, 297.574100, 225.706200, 1.319960, 10.674630, '2026-05-28 14:57:54', 'ON', 'online'),
(6771, 10, 302.623000, 204.312900, 1.482155, 2.450799, '2026-05-28 14:58:50', 'ON', 'online'),
(6772, 11, 320.977800, 227.770900, 1.409193, 10.680450, '2026-05-28 14:58:54', 'ON', 'online'),
(6773, 10, 297.009000, 205.988900, 1.444060, 2.455752, '2026-05-28 14:59:50', 'ON', 'online'),
(6774, 11, 308.816500, 226.270300, 1.366114, 10.685600, '2026-05-28 14:59:54', 'ON', 'online'),
(6775, 10, 192.075500, 205.658800, 0.935634, 2.458955, '2026-05-28 15:00:51', 'ON', 'online'),
(6776, 11, 421.165500, 226.110800, 1.862414, 10.692630, '2026-05-28 15:00:55', 'ON', 'online'),
(6777, 10, 340.157000, 204.949900, 1.662582, 2.464659, '2026-05-28 15:01:51', 'ON', 'online'),
(6778, 11, 349.443300, 225.256600, 1.550262, 10.704760, '2026-05-28 15:02:59', 'ON', 'online'),
(6779, 10, 100.560300, 206.606400, 0.487960, 2.473261, '2026-05-28 15:03:55', 'ON', 'online'),
(6780, 11, 308.428300, 225.808000, 1.365720, 10.709900, '2026-05-28 15:03:59', 'ON', 'online'),
(6781, 10, 248.910000, 205.631300, 1.212528, 2.477411, '2026-05-28 15:04:55', 'ON', 'online'),
(6782, 11, 355.703000, 225.231500, 1.578973, 10.715830, '2026-05-28 15:04:59', 'ON', 'online'),
(6783, 10, 477.296600, 204.376800, 2.338111, 2.485370, '2026-05-28 15:05:55', 'ON', 'online'),
(6784, 11, 359.178800, 225.449700, 1.592119, 10.721820, '2026-05-28 15:05:59', 'ON', 'online'),
(6785, 10, 139.439700, 206.043000, 0.677937, 2.487695, '2026-05-28 15:06:55', 'ON', 'online'),
(6786, 11, 342.041000, 226.820600, 1.510753, 10.727520, '2026-05-28 15:07:02', 'ON', 'online'),
(6787, 10, 241.890900, 205.554300, 1.177600, 2.491728, '2026-05-28 15:07:55', 'ON', 'online'),
(6788, 11, 344.104900, 225.328900, 1.530193, 10.733280, '2026-05-28 15:08:01', 'ON', 'online'),
(6789, 10, 315.902900, 205.557400, 1.544135, 2.496996, '2026-05-28 15:08:55', 'ON', 'online'),
(6790, 11, 297.595800, 226.225300, 1.316682, 10.738240, '2026-05-28 15:09:01', 'ON', 'online'),
(6791, 10, 373.940400, 204.504200, 1.831364, 2.503232, '2026-05-28 15:09:55', 'ON', 'online'),
(6792, 11, 379.265900, 225.069600, 1.684603, 10.744560, '2026-05-28 15:10:01', 'ON', 'online'),
(6793, 10, 123.564100, 206.000500, 0.601419, 2.505293, '2026-05-28 15:10:55', 'ON', 'online'),
(6794, 11, 359.344500, 226.616700, 1.585660, 10.750550, '2026-05-28 15:11:01', 'ON', 'online'),
(6795, 10, 323.098800, 205.070700, 1.575711, 2.510681, '2026-05-28 15:11:55', 'ON', 'online'),
(6796, 11, 336.849100, 225.040500, 1.493611, 10.756160, '2026-05-28 15:12:01', 'ON', 'online'),
(6797, 10, 354.075500, 205.415800, 1.725459, 2.516585, '2026-05-28 15:12:56', 'ON', 'online'),
(6798, 11, 330.717300, 224.774900, 1.470782, 10.761680, '2026-05-28 15:13:01', 'ON', 'online'),
(6799, 10, 364.162100, 206.469800, 1.765330, 2.522658, '2026-05-28 15:13:55', 'ON', 'online'),
(6800, 11, 328.249700, 225.877700, 1.453905, 10.767150, '2026-05-28 15:14:02', 'ON', 'online'),
(6801, 10, 41.498810, 210.338000, 0.198085, 2.523350, '2026-05-28 15:14:56', 'ON', 'online'),
(6802, 11, 386.584800, 227.010200, 1.703311, 10.773600, '2026-05-28 15:15:02', 'ON', 'online'),
(6803, 10, 430.837900, 205.803600, 2.096209, 2.530543, '2026-05-28 15:15:56', 'ON', 'online'),
(6804, 11, 290.252800, 225.714300, 1.288997, 10.778440, '2026-05-28 15:16:01', 'ON', 'online'),
(6805, 10, 310.097800, 208.244600, 1.491523, 2.535713, '2026-05-28 15:16:56', 'ON', 'online'),
(6806, 11, 373.432100, 227.135000, 1.642195, 10.784670, '2026-05-28 15:17:01', 'ON', 'online'),
(6807, 10, 153.313900, 206.783600, 0.741817, 2.538269, '2026-05-28 15:17:56', 'ON', 'online'),
(6808, 11, 294.905200, 226.177500, 1.304349, 10.789580, '2026-05-28 15:18:01', 'ON', 'online'),
(6809, 10, 259.578900, 205.304000, 1.265068, 2.542599, '2026-05-28 15:18:56', 'ON', 'online'),
(6810, 11, 347.742000, 225.484900, 1.539236, 10.795380, '2026-05-28 15:19:02', 'ON', 'online'),
(6811, 10, 429.565000, 204.728500, 2.103199, 2.549762, '2026-05-28 15:19:56', 'ON', 'online'),
(6812, 11, 319.369300, 225.590700, 1.418318, 10.800700, '2026-05-28 15:20:02', 'ON', 'online'),
(6813, 10, 235.850900, 206.016500, 1.146452, 2.553695, '2026-05-28 15:20:56', 'ON', 'online'),
(6814, 11, 386.832600, 226.059300, 1.712530, 10.807150, '2026-05-28 15:21:01', 'ON', 'online'),
(6815, 10, 215.482200, 206.138600, 1.046060, 2.557288, '2026-05-28 15:21:56', 'ON', 'online'),
(6816, 11, 392.453900, 226.176000, 1.733803, 10.813690, '2026-05-28 15:22:01', 'ON', 'online'),
(6817, 10, 358.778600, 205.375800, 1.751325, 2.563271, '2026-05-28 15:22:56', 'ON', 'online'),
(6818, 11, 421.476400, 224.576100, 1.876737, 10.820720, '2026-05-28 15:23:02', 'ON', 'online'),
(6819, 10, 274.603700, 205.174500, 1.339503, 2.567850, '2026-05-28 15:23:59', 'ON', 'online'),
(6820, 11, 340.392200, 224.285700, 1.517192, 10.826400, '2026-05-28 15:24:02', 'ON', 'online'),
(6821, 11, 351.427100, 226.232800, 1.551857, 10.832250, '2026-05-28 15:25:02', 'ON', 'online'),
(6822, 10, 237.825900, 205.806500, 1.160239, 2.576622, '2026-05-28 15:26:03', 'ON', 'online'),
(6823, 10, 408.735300, 208.248600, 1.965606, 2.583438, '2026-05-28 15:27:02', 'ON', 'online'),
(6824, 11, 395.745700, 227.558900, 1.739534, 10.844860, '2026-05-28 15:27:06', 'ON', 'online'),
(6825, 10, 120.686600, 208.667400, 0.580952, 2.585451, '2026-05-28 15:28:05', 'ON', 'online'),
(6826, 11, 354.987600, 226.590800, 1.568048, 10.850770, '2026-05-28 15:28:06', 'ON', 'online'),
(6827, 10, 324.997300, 209.221200, 1.556771, 2.590880, '2026-05-28 15:29:05', 'ON', 'online'),
(6828, 11, 368.249300, 226.769800, 1.623497, 10.856910, '2026-05-28 15:29:06', 'ON', 'online'),
(6829, 10, 243.288800, 205.739400, 1.185360, 2.601398, '2026-05-28 15:31:10', 'ON', 'online'),
(6830, 11, 371.407800, 225.945300, 1.643680, 10.868890, '2026-05-28 15:31:12', 'ON', 'online'),
(6831, 10, 118.015200, 206.331300, 0.574620, 2.603366, '2026-05-28 15:32:10', 'ON', 'online'),
(6832, 11, 335.562200, 225.844400, 1.484852, 10.874590, '2026-05-28 15:32:11', 'ON', 'online'),
(6833, 10, 465.892200, 204.426500, 2.282342, 2.611136, '2026-05-28 15:33:10', 'ON', 'online'),
(6834, 11, 320.656900, 225.035600, 1.424587, 10.879930, '2026-05-28 15:33:12', 'ON', 'online'),
(6835, 10, 267.061500, 204.954800, 1.303553, 2.615589, '2026-05-28 15:34:10', 'ON', 'online'),
(6836, 11, 431.447500, 225.629000, 1.911814, 10.887130, '2026-05-28 15:34:12', 'ON', 'online'),
(6837, 10, 110.149600, 204.831700, 0.539849, 2.617426, '2026-05-28 15:35:10', 'ON', 'online'),
(6838, 11, 322.943300, 225.451200, 1.432590, 10.892510, '2026-05-28 15:35:12', 'ON', 'online'),
(6839, 10, 316.229200, 204.443600, 1.549772, 2.622700, '2026-05-28 15:36:10', 'ON', 'online'),
(6840, 11, 382.557100, 225.393700, 1.697978, 10.898890, '2026-05-28 15:36:12', 'ON', 'online'),
(6841, 10, 310.769000, 205.436500, 1.519510, 2.627882, '2026-05-28 15:37:10', 'ON', 'online'),
(6842, 11, 370.781600, 223.561100, 1.659262, 10.905070, '2026-05-28 15:37:17', 'ON', 'online'),
(6843, 10, 311.226800, 204.550700, 1.525572, 2.633072, '2026-05-28 15:38:10', 'ON', 'online'),
(6844, 11, 309.290800, 224.279900, 1.378240, 10.910760, '2026-05-28 15:38:16', 'ON', 'online'),
(6845, 11, 420.948400, 226.143800, 1.859262, 10.917780, '2026-05-28 15:39:16', 'ON', 'online'),
(6846, 10, 454.085600, 202.941500, 2.248891, 2.641098, '2026-05-28 15:40:13', 'ON', 'online'),
(6847, 11, 329.334500, 224.212800, 1.470999, 10.923400, '2026-05-28 15:40:16', 'ON', 'online'),
(6848, 10, 178.069100, 206.060000, 0.878432, 2.644067, '2026-05-28 15:41:13', 'ON', 'online'),
(6849, 11, 384.488300, 226.037700, 1.700955, 10.929810, '2026-05-28 15:41:16', 'ON', 'online'),
(6850, 10, 230.452100, 208.699800, 1.106405, 2.647909, '2026-05-28 15:42:13', 'ON', 'online'),
(6851, 11, 359.854900, 227.007500, 1.585994, 10.935810, '2026-05-28 15:42:19', 'ON', 'online'),
(6852, 10, 232.268500, 208.908500, 1.116387, 2.651783, '2026-05-28 15:43:13', 'ON', 'online'),
(6853, 11, 332.811100, 226.661400, 1.465835, 10.941520, '2026-05-28 15:43:18', 'ON', 'online'),
(6854, 10, 417.404800, 206.807700, 2.018225, 2.658744, '2026-05-28 15:44:13', 'ON', 'online'),
(6855, 11, 323.032200, 226.228900, 1.425358, 10.946900, '2026-05-28 15:44:19', 'ON', 'online'),
(6856, 10, 56.220240, 206.066000, 0.273248, 2.659680, '2026-05-28 15:45:13', 'ON', 'online'),
(6857, 11, 328.555700, 225.662300, 1.456724, 10.952380, '2026-05-28 15:45:18', 'ON', 'online'),
(6858, 10, 372.203900, 203.532900, 1.828344, 2.665887, '2026-05-28 15:46:13', 'ON', 'online'),
(6859, 11, 400.878500, 224.037900, 1.793497, 10.959070, '2026-05-28 15:46:19', 'ON', 'online'),
(6860, 10, 292.591300, 204.318300, 1.433516, 2.670767, '2026-05-28 15:47:13', 'ON', 'online'),
(6861, 11, 337.993400, 224.788100, 1.503250, 10.964710, '2026-05-28 15:47:18', 'ON', 'online'),
(6862, 10, 161.471300, 205.190200, 0.789261, 2.673460, '2026-05-28 15:48:13', 'ON', 'online'),
(6863, 10, 397.174100, 201.882900, 1.969233, 2.680083, '2026-05-28 15:49:13', 'ON', 'online'),
(6864, 11, 440.783100, 225.919900, 1.952986, 10.978060, '2026-05-28 15:49:23', 'ON', 'online'),
(6865, 10, 216.118300, 203.194100, 1.063673, 2.683687, '2026-05-28 15:50:14', 'ON', 'online'),
(6866, 11, 363.769800, 224.189500, 1.621487, 10.984120, '2026-05-28 15:50:23', 'ON', 'online'),
(6867, 10, 440.445000, 203.194200, 2.173896, 2.691032, '2026-05-28 15:51:14', 'ON', 'online'),
(6868, 11, 308.241100, 224.455300, 1.374477, 10.989260, '2026-05-28 15:51:23', 'ON', 'online'),
(6869, 10, 187.635100, 204.224600, 0.921309, 2.694161, '2026-05-28 15:52:14', 'ON', 'online'),
(6870, 11, 340.394500, 224.215500, 1.518244, 10.994940, '2026-05-28 15:52:23', 'ON', 'online'),
(6871, 10, 190.185800, 205.437500, 0.932178, 2.697332, '2026-05-28 15:53:14', 'ON', 'online'),
(6872, 11, 351.379900, 227.254000, 1.546005, 11.000800, '2026-05-28 15:53:23', 'ON', 'online'),
(6873, 10, 332.404600, 204.166300, 1.631719, 2.702875, '2026-05-28 15:54:14', 'ON', 'online'),
(6874, 10, 329.683200, 205.115500, 1.612173, 2.708372, '2026-05-28 15:55:16', 'ON', 'online'),
(6875, 10, 267.718000, 205.343500, 1.304838, 2.712849, '2026-05-28 15:56:16', 'ON', 'online'),
(6876, 10, 178.595200, 204.476700, 0.874713, 2.715828, '2026-05-28 15:57:16', 'ON', 'online'),
(6877, 10, 288.052100, 205.992200, 1.401302, 2.720631, '2026-05-28 15:58:17', 'ON', 'online'),
(6878, 10, 400.849800, 207.448800, 1.932386, 2.727385, '2026-05-28 15:59:17', 'ON', 'online'),
(6879, 10, 188.802200, 209.350500, 0.901267, 2.730533, '2026-05-28 16:00:17', 'ON', 'online'),
(6880, 10, 50.343030, 208.742900, 0.245012, 2.731372, '2026-05-28 16:01:17', 'ON', 'online'),
(6881, 10, 622.638700, 203.206200, 3.064128, 2.741754, '2026-05-28 16:02:17', 'ON', 'online'),
(6882, 10, 427.923800, 203.561500, 2.105862, 2.748890, '2026-05-28 16:03:17', 'ON', 'online'),
(6883, 10, 24.588320, 207.013100, 0.118839, 2.755184, '2026-05-28 16:06:25', 'ON', 'online'),
(6884, 10, 21.704030, 207.494200, 0.104654, 2.755546, '2026-05-28 16:07:25', 'ON', 'online'),
(6885, 10, 586.933300, 204.956800, 2.868207, 2.765332, '2026-05-28 16:08:25', 'ON', 'online'),
(6886, 10, 526.269600, 203.567500, 2.584494, 2.774108, '2026-05-28 16:09:25', 'ON', 'online'),
(6887, 10, 238.403000, 204.825000, 1.167042, 2.778084, '2026-05-28 16:10:25', 'ON', 'online'),
(6888, 10, 77.923930, 205.973400, 0.378808, 2.779384, '2026-05-28 16:11:26', 'ON', 'online'),
(6889, 10, 452.294600, 202.364700, 2.235461, 2.786926, '2026-05-28 16:12:26', 'ON', 'online'),
(6890, 10, 304.750500, 204.617900, 1.489107, 2.792006, '2026-05-28 16:13:25', 'ON', 'online'),
(6891, 10, 257.578200, 206.075800, 1.253417, 2.796302, '2026-05-28 16:14:25', 'ON', 'online'),
(6892, 10, 393.289000, 207.179700, 1.911824, 2.802860, '2026-05-28 16:15:29', 'ON', 'online'),
(6893, 10, 217.132200, 206.714100, 1.051613, 2.806522, '2026-05-28 16:16:29', 'ON', 'online'),
(6894, 10, 356.175800, 207.653300, 1.717220, 2.812461, '2026-05-28 16:17:37', 'ON', 'online'),
(6895, 10, 252.754100, 207.436200, 1.218456, 2.817196, '2026-05-28 16:18:33', 'ON', 'online'),
(6896, 10, 283.742000, 205.237500, 1.379498, 2.821928, '2026-05-28 16:19:39', 'ON', 'online'),
(6897, 10, 258.509800, 203.342600, 1.271792, 2.826756, '2026-05-28 16:20:39', 'ON', 'online'),
(6898, 10, 284.962700, 202.045800, 1.411068, 2.838949, '2026-05-28 16:22:43', 'ON', 'online'),
(6899, 10, 401.193800, 200.687500, 2.001765, 2.845639, '2026-05-28 16:23:43', 'ON', 'online'),
(6900, 10, 304.721200, 203.880200, 1.496114, 2.850721, '2026-05-28 16:24:43', 'ON', 'online'),
(6901, 10, 384.839400, 203.127300, 1.896141, 2.857138, '2026-05-28 16:25:44', 'ON', 'online'),
(6902, 10, 316.096600, 203.317000, 1.553907, 2.862408, '2026-05-28 16:26:44', 'ON', 'online'),
(6903, 10, 387.070400, 200.881900, 1.928041, 2.868863, '2026-05-28 16:27:44', 'ON', 'online'),
(6904, 10, 352.825000, 200.195500, 1.765458, 2.874746, '2026-05-28 16:28:44', 'ON', 'online'),
(6905, 10, 338.878600, 203.786400, 1.672158, 2.880397, '2026-05-28 16:29:44', 'ON', 'online'),
(6906, 10, 271.865700, 209.205100, 1.302507, 2.884931, '2026-05-28 16:30:44', 'ON', 'online'),
(6907, 10, 398.841500, 209.549700, 1.904762, 2.891582, '2026-05-28 16:31:44', 'ON', 'online'),
(6908, 10, 22.287650, 212.477600, 0.104905, 2.946359, '2026-05-29 08:11:30', 'ON', 'online'),
(6909, 10, 657.644200, 208.769000, 3.150151, 2.957813, '2026-05-29 08:12:33', 'ON', 'online'),
(6910, 10, 237.995800, 210.580700, 1.138815, 2.962268, '2026-05-29 08:13:35', 'ON', 'online'),
(6911, 10, 174.487800, 211.263200, 0.827381, 2.965194, '2026-05-29 08:14:35', 'ON', 'online'),
(6912, 10, 116.685000, 211.888400, 0.550889, 2.967139, '2026-05-29 08:15:35', 'ON', 'online'),
(6913, 10, 121.924000, 211.805000, 0.580223, 2.977894, '2026-05-29 08:17:42', 'ON', 'online'),
(6914, 10, 213.070000, 209.583300, 1.012950, 2.981716, '2026-05-29 08:18:41', 'ON', 'online'),
(6915, 10, 262.210400, 207.192000, 1.270911, 2.986088, '2026-05-29 08:19:45', 'ON', 'online'),
(6916, 10, 363.035700, 206.994100, 1.759085, 2.992639, '2026-05-29 08:20:53', 'ON', 'online'),
(6917, 10, 66.112100, 208.116100, 0.318148, 2.993767, '2026-05-29 08:21:49', 'ON', 'online'),
(6918, 10, 274.935300, 206.382600, 1.329754, 3.009883, '2026-05-29 08:25:00', 'ON', 'online'),
(6919, 10, 31.733930, 205.784400, 0.154345, 3.010412, '2026-05-29 08:26:02', 'ON', 'online'),
(6920, 10, 563.373200, 203.851100, 2.765442, 3.019975, '2026-05-29 08:27:02', 'ON', 'online'),
(6921, 10, 51.854740, 205.769700, 0.253577, 3.020839, '2026-05-29 08:28:02', 'ON', 'online'),
(6922, 10, 341.581900, 206.512300, 1.658089, 3.026535, '2026-05-29 08:29:02', 'ON', 'online'),
(6923, 10, 470.679700, 207.106200, 2.274698, 3.037109, '2026-05-29 08:31:11', 'ON', 'online'),
(6924, 10, 77.536310, 208.793300, 0.373319, 3.038593, '2026-05-29 08:32:11', 'ON', 'online'),
(6925, 10, 392.144600, 206.734900, 1.897888, 3.049758, '2026-05-29 08:34:24', 'ON', 'online'),
(6926, 10, 291.797500, 207.125900, 1.411217, 3.055233, '2026-05-29 08:35:20', 'ON', 'online'),
(6927, 10, 82.480870, 208.512900, 0.398019, 3.056608, '2026-05-29 08:36:41', 'ON', 'online'),
(6928, 10, 342.992800, 206.831400, 1.661612, 3.068451, '2026-05-29 08:38:38', 'ON', 'online'),
(6929, 10, 288.561900, 207.164700, 1.394897, 3.061441, '2026-05-29 08:40:30', 'ON', 'online'),
(6930, 10, 51.794090, 205.652200, 0.250638, 3.074886, '2026-05-29 08:40:44', 'ON', 'online'),
(6931, 10, 378.286600, 203.104900, 1.869346, 3.081208, '2026-05-29 08:41:44', 'ON', 'online'),
(6932, 10, 229.038300, 204.509100, 1.127751, 3.085027, '2026-05-29 08:42:44', 'ON', 'online'),
(6933, 10, 149.259500, 204.744900, 0.731504, 3.087516, '2026-05-29 08:43:47', 'ON', 'online'),
(6934, 10, 274.961900, 203.669800, 1.353250, 3.092400, '2026-05-29 08:44:47', 'ON', 'online'),
(6935, 10, 358.474600, 203.583900, 1.761427, 3.098378, '2026-05-29 08:45:47', 'ON', 'online'),
(6936, 10, 233.762400, 204.352700, 1.147085, 3.102276, '2026-05-29 08:46:47', 'ON', 'online'),
(6937, 10, 100.051500, 204.667400, 0.491051, 3.103945, '2026-05-29 08:47:47', 'ON', 'online'),
(6938, 10, 453.177500, 203.286000, 2.230371, 3.111500, '2026-05-29 08:48:47', 'ON', 'online'),
(6939, 10, 311.444700, 204.170100, 1.526308, 3.116693, '2026-05-29 08:49:47', 'ON', 'online'),
(6940, 10, 68.306770, 204.985400, 0.334424, 3.117832, '2026-05-29 08:50:47', 'ON', 'online'),
(6941, 10, 306.458300, 203.856200, 1.505560, 3.133274, '2026-05-29 08:53:56', 'ON', 'online'),
(6942, 10, 19.386980, 205.282700, 0.094455, 3.133598, '2026-05-29 08:54:59', 'ON', 'online'),
(6943, 10, 285.360400, 204.613100, 1.394846, 3.148729, '2026-05-29 08:58:19', 'ON', 'online'),
(6944, 10, 297.803300, 204.412300, 1.461865, 3.153720, '2026-05-29 08:59:14', 'ON', 'online'),
(6945, 10, 340.693400, 204.024700, 1.674198, 3.159402, '2026-05-29 09:00:17', 'ON', 'online'),
(6946, 10, 30.944950, 203.331200, 0.152880, 3.159930, '2026-05-29 09:01:24', 'ON', 'online'),
(6947, 10, 265.646600, 200.571400, 1.326373, 3.171904, '2026-05-29 09:03:34', 'ON', 'online'),
(6948, 10, 306.216300, 201.589900, 1.520739, 3.194351, '2026-05-29 09:08:52', 'ON', 'online'),
(6949, 10, 328.216800, 200.009200, 1.649265, 3.185583, '2026-05-29 09:08:53', 'ON', 'online'),
(6950, 10, 368.838500, 200.988400, 1.837831, 3.200503, '2026-05-29 09:09:55', 'ON', 'online'),
(6951, 10, 230.732600, 202.833800, 1.138223, 3.204551, '2026-05-29 09:11:03', 'ON', 'online'),
(6952, 10, 302.298400, 203.313300, 1.494916, 3.241900, '2026-05-29 09:19:37', 'ON', 'online'),
(6953, 10, 263.759200, 202.743800, 1.301119, 3.246792, '2026-05-29 09:20:36', 'ON', 'online'),
(6954, 10, 291.162500, 202.134700, 1.439873, 3.251647, '2026-05-29 09:21:36', 'ON', 'online'),
(6955, 10, 182.409400, 202.247100, 0.905712, 3.254689, '2026-05-29 09:22:37', 'ON', 'online'),
(6956, 10, 310.847000, 202.143900, 1.537771, 3.269796, '2026-05-29 09:25:46', 'ON', 'online'),
(6957, 10, 420.510400, 200.482300, 2.100246, 3.276808, '2026-05-29 09:26:48', 'ON', 'online'),
(6958, 11, 685.440100, 218.402600, 3.138176, 11.012030, '2026-05-29 09:28:43', 'ON', 'online'),
(6959, 10, 228.110900, 201.850200, 1.129500, 3.285020, '2026-05-29 09:28:55', 'ON', 'online'),
(6960, 11, 679.570100, 217.914100, 3.118241, 11.023360, '2026-05-29 09:29:43', 'ON', 'online'),
(6961, 10, 469.939000, 200.568700, 2.344489, 3.292855, '2026-05-29 09:29:58', 'ON', 'online'),
(6962, 10, 519.358700, 198.288200, 2.620574, 3.307801, '2026-05-29 09:33:06', 'ON', 'online'),
(6963, 11, 598.599300, 217.155500, 2.765585, 11.070320, '2026-05-29 09:34:00', 'ON', 'online'),
(6964, 10, 79.514520, 199.544600, 0.400206, 3.309127, '2026-05-29 09:34:06', 'ON', 'online'),
(6965, 11, 522.877300, 224.287400, 2.346321, 11.079040, '2026-05-29 09:35:00', 'ON', 'online'),
(6966, 10, 297.588500, 200.971300, 1.478922, 3.314089, '2026-05-29 09:35:06', 'ON', 'online'),
(6967, 10, 180.291200, 199.653600, 0.906154, 3.298667, '2026-05-29 09:35:11', 'ON', 'online'),
(6968, 11, 532.981400, 216.185500, 2.466374, 11.087920, '2026-05-29 09:36:00', 'ON', 'online'),
(6969, 10, 318.604400, 200.816000, 1.587084, 3.319402, '2026-05-29 09:36:06', 'ON', 'online'),
(6970, 11, 502.853600, 218.497200, 2.301562, 11.096300, '2026-05-29 09:37:00', 'ON', 'online'),
(6971, 10, 377.571900, 200.672100, 1.881560, 3.325698, '2026-05-29 09:37:06', 'ON', 'online'),
(6972, 11, 521.226200, 219.649400, 2.375849, 11.104990, '2026-05-29 09:38:01', 'ON', 'online'),
(6973, 11, 512.861100, 219.670300, 2.340891, 11.113540, '2026-05-29 09:39:03', 'ON', 'online'),
(6974, 10, 392.418100, 200.599400, 1.956979, 3.335808, '2026-05-29 09:39:31', 'ON', 'online'),
(6975, 10, 255.657100, 201.423400, 1.269855, 3.340518, '2026-05-29 09:40:18', 'ON', 'online'),
(6976, 11, 456.692900, 220.095700, 2.080313, 11.130790, '2026-05-29 09:41:15', 'ON', 'online'),
(6977, 10, 319.860900, 201.745500, 1.586548, 3.345853, '2026-05-29 09:41:18', 'ON', 'online'),
(6978, 10, 188.608000, 202.815900, 0.934593, 3.348998, '2026-05-29 09:42:21', 'ON', 'online'),
(6979, 11, 377.021000, 221.889500, 1.699159, 11.137760, '2026-05-29 09:42:23', 'ON', 'online'),
(6980, 11, 333.175300, 221.395700, 1.505458, 11.143840, '2026-05-29 09:43:19', 'ON', 'online'),
(6981, 10, 353.482200, 199.371100, 1.772397, 3.355151, '2026-05-29 09:43:26', 'ON', 'online'),
(6982, 11, 423.113900, 220.548400, 1.919629, 11.150890, '2026-05-29 09:44:19', 'ON', 'online'),
(6983, 11, 407.438700, 222.712800, 1.829449, 11.157690, '2026-05-29 09:45:21', 'ON', 'online'),
(6984, 10, 219.751500, 202.295100, 1.090436, 3.364531, '2026-05-29 09:45:29', 'ON', 'online'),
(6985, 11, 338.800700, 223.016800, 1.523512, 11.163600, '2026-05-29 09:46:24', 'ON', 'online'),
(6986, 10, 273.731100, 202.598200, 1.353305, 3.369095, '2026-05-29 09:46:29', 'ON', 'online'),
(6987, 11, 385.142800, 222.205500, 1.732518, 11.170220, '2026-05-29 09:47:23', 'ON', 'online'),
(6988, 10, 425.505800, 201.402100, 2.114165, 3.376191, '2026-05-29 09:47:29', 'ON', 'online'),
(6989, 11, 331.117800, 221.196900, 1.496098, 11.175740, '2026-05-29 09:48:26', 'ON', 'online'),
(6990, 11, 389.315400, 222.220100, 1.753695, 11.182540, '2026-05-29 09:49:26', 'ON', 'online'),
(6991, 10, 300.363900, 201.347100, 1.495875, 3.383908, '2026-05-29 09:49:34', 'ON', 'online'),
(6992, 11, 355.996400, 223.072900, 1.596304, 11.188470, '2026-05-29 09:50:27', 'ON', 'online'),
(6993, 11, 357.737600, 221.638600, 1.615088, 11.194450, '2026-05-29 09:51:29', 'ON', 'online'),
(6994, 10, 211.115700, 201.519400, 1.049622, 3.395521, '2026-05-29 09:51:38', 'ON', 'online'),
(6995, 11, 402.334200, 222.490800, 1.811008, 11.201420, '2026-05-29 09:52:29', 'ON', 'online'),
(6996, 10, 212.738400, 201.443600, 1.056547, 3.399068, '2026-05-29 09:52:38', 'ON', 'online'),
(6997, 11, 350.176200, 221.424100, 1.585735, 11.207260, '2026-05-29 09:53:29', 'ON', 'online'),
(6998, 10, 439.534500, 201.470900, 2.184571, 3.406398, '2026-05-29 09:53:38', 'ON', 'online');
INSERT INTO `energy_data` (`id`, `device_id`, `power`, `voltage`, `current`, `energy`, `created_at`, `machine_status`, `device_status`) VALUES
(6999, 10, 235.028700, 202.601400, 1.164890, 3.410317, '2026-05-29 09:54:38', 'ON', 'online'),
(7000, 11, 322.777700, 222.232800, 1.458610, 11.220560, '2026-05-29 09:55:38', 'ON', 'online'),
(7001, 10, 543.626600, 200.740300, 2.709798, 3.422003, '2026-05-29 09:56:43', 'ON', 'online'),
(7002, 11, 344.721500, 225.516300, 1.529551, 11.232990, '2026-05-29 09:57:42', 'ON', 'online'),
(7003, 10, 53.522700, 203.672600, 0.262943, 3.422895, '2026-05-29 09:57:43', 'ON', 'online'),
(7004, 10, 272.178700, 202.868100, 1.340696, 3.427433, '2026-05-29 09:58:46', 'ON', 'online'),
(7005, 10, 430.088400, 202.717700, 2.122221, 3.434620, '2026-05-29 09:59:45', 'ON', 'online'),
(7006, 11, 364.562600, 225.054500, 1.618359, 11.246020, '2026-05-29 09:59:49', 'ON', 'online'),
(7007, 11, 396.656300, 224.958600, 1.764361, 11.252950, '2026-05-29 10:00:49', 'ON', 'online'),
(7008, 11, 313.876400, 225.066400, 1.396168, 11.258180, '2026-05-29 10:01:49', 'ON', 'online'),
(7009, 10, 186.617400, 203.031800, 0.923240, 3.442275, '2026-05-29 10:01:50', 'ON', 'online'),
(7010, 10, 369.682000, 200.094700, 1.845862, 3.448439, '2026-05-29 10:02:50', 'ON', 'online'),
(7011, 10, 347.295400, 198.634300, 1.751214, 3.454231, '2026-05-29 10:03:50', 'ON', 'online'),
(7012, 11, 334.793500, 223.821100, 1.495943, 11.270580, '2026-05-29 10:03:54', 'ON', 'online'),
(7013, 10, 257.917100, 202.066900, 1.279568, 3.458532, '2026-05-29 10:04:51', 'ON', 'online'),
(7014, 10, 380.496900, 202.188900, 1.884790, 3.464915, '2026-05-29 10:05:50', 'ON', 'online'),
(7015, 10, 126.283100, 203.310600, 0.624467, 3.467020, '2026-05-29 10:06:50', 'ON', 'online'),
(7016, 11, 324.890900, 225.376600, 1.445131, 11.287610, '2026-05-29 10:07:08', 'ON', 'online'),
(7017, 10, 62.814950, 203.178600, 0.309077, 3.468068, '2026-05-29 10:07:56', 'ON', 'online'),
(7018, 11, 350.093600, 223.557400, 1.565055, 11.293760, '2026-05-29 10:08:15', 'ON', 'online'),
(7019, 10, 23.340590, 204.192900, 0.114325, 3.468491, '2026-05-29 10:09:06', 'ON', 'online'),
(7020, 10, 583.990500, 199.659700, 2.926596, 3.478260, '2026-05-29 10:10:00', 'ON', 'online'),
(7021, 11, 390.126000, 220.896900, 1.768099, 11.306800, '2026-05-29 10:10:20', 'ON', 'online'),
(7022, 10, 485.059300, 200.247200, 2.424828, 3.486347, '2026-05-29 10:11:03', 'ON', 'online'),
(7023, 11, 305.909400, 222.524400, 1.373851, 11.312070, '2026-05-29 10:11:20', 'ON', 'online'),
(7024, 10, 217.071300, 202.285900, 1.077611, 3.490228, '2026-05-29 10:12:02', 'ON', 'online'),
(7025, 11, 308.733500, 222.337100, 1.391367, 11.317220, '2026-05-29 10:12:22', 'ON', 'online'),
(7026, 11, 359.677300, 221.477900, 1.625642, 11.323550, '2026-05-29 10:13:22', 'ON', 'online'),
(7027, 10, 289.819900, 202.227200, 1.436921, 3.501419, '2026-05-29 10:14:07', 'ON', 'online'),
(7028, 11, 369.008900, 221.730200, 1.664331, 11.329710, '2026-05-29 10:14:22', 'ON', 'online'),
(7029, 11, 398.929700, 221.291600, 1.807387, 11.336360, '2026-05-29 10:15:25', 'ON', 'online'),
(7030, 10, 402.543600, 199.325300, 2.021304, 3.512398, '2026-05-29 10:16:16', 'ON', 'online'),
(7031, 11, 337.660500, 219.779600, 1.538831, 11.342380, '2026-05-29 10:16:25', 'ON', 'online'),
(7032, 10, 317.797000, 198.918000, 1.598692, 3.517873, '2026-05-29 10:17:16', 'ON', 'online'),
(7033, 11, 317.708800, 220.261500, 1.442104, 11.347670, '2026-05-29 10:17:25', 'ON', 'online'),
(7034, 10, 214.870600, 202.219200, 1.064003, 3.505001, '2026-05-29 10:17:47', 'ON', 'online'),
(7035, 10, 362.438900, 197.083300, 1.839966, 3.523916, '2026-05-29 10:18:16', 'ON', 'online'),
(7036, 11, 330.167800, 218.594400, 1.512852, 11.353180, '2026-05-29 10:18:28', 'ON', 'online'),
(7037, 10, 308.793500, 199.176100, 1.550472, 3.529065, '2026-05-29 10:19:16', 'ON', 'online'),
(7038, 11, 402.277800, 221.018500, 1.819322, 11.360040, '2026-05-29 10:19:27', 'ON', 'online'),
(7039, 10, 374.889200, 201.426500, 1.868205, 3.535317, '2026-05-29 10:20:16', 'ON', 'online'),
(7040, 11, 330.932100, 219.079600, 1.512264, 11.365560, '2026-05-29 10:20:30', 'ON', 'online'),
(7041, 10, 355.714800, 199.585000, 1.788182, 3.541248, '2026-05-29 10:21:16', 'ON', 'online'),
(7042, 11, 314.333300, 218.187300, 1.441270, 11.370980, '2026-05-29 10:21:30', 'ON', 'online'),
(7043, 10, 297.576200, 199.018700, 1.498615, 3.546210, '2026-05-29 10:22:19', 'ON', 'online'),
(7044, 10, 396.849000, 198.001900, 2.007419, 3.553088, '2026-05-29 10:23:19', 'ON', 'online'),
(7045, 11, 349.983500, 219.514500, 1.596989, 11.383370, '2026-05-29 10:23:34', 'ON', 'online'),
(7046, 10, 360.786500, 199.414000, 1.811261, 3.559105, '2026-05-29 10:24:19', 'ON', 'online'),
(7047, 11, 308.354800, 219.827700, 1.404051, 11.388510, '2026-05-29 10:24:34', 'ON', 'online'),
(7048, 10, 342.529600, 201.390900, 1.709170, 3.564816, '2026-05-29 10:25:19', 'ON', 'online'),
(7049, 11, 376.083800, 219.788100, 1.712478, 11.394780, '2026-05-29 10:25:37', 'ON', 'online'),
(7050, 10, 158.558400, 202.080800, 0.786281, 3.567460, '2026-05-29 10:26:19', 'ON', 'online'),
(7051, 11, 313.251800, 221.304600, 1.415334, 11.400250, '2026-05-29 10:26:37', 'ON', 'online'),
(7052, 10, 300.380200, 202.312100, 1.483284, 3.572469, '2026-05-29 10:27:19', 'ON', 'online'),
(7053, 11, 369.072800, 220.319100, 1.675634, 11.406400, '2026-05-29 10:27:37', 'ON', 'online'),
(7054, 10, 363.440500, 202.409700, 1.797196, 3.578529, '2026-05-29 10:28:19', 'ON', 'online'),
(7055, 11, 363.122700, 221.712800, 1.637570, 11.412450, '2026-05-29 10:28:37', 'ON', 'online'),
(7056, 10, 275.364600, 202.592600, 1.361067, 3.583120, '2026-05-29 10:29:19', 'ON', 'online'),
(7057, 11, 388.053700, 220.539600, 1.761902, 11.418930, '2026-05-29 10:29:40', 'ON', 'online'),
(7058, 10, 119.968300, 203.141300, 0.593738, 3.585121, '2026-05-29 10:30:19', 'ON', 'online'),
(7059, 11, 377.295000, 219.997900, 1.716517, 11.425590, '2026-05-29 10:30:40', 'ON', 'online'),
(7060, 10, 465.089900, 200.228200, 2.323465, 3.592877, '2026-05-29 10:31:19', 'ON', 'online'),
(7061, 11, 335.561000, 219.750200, 1.527903, 11.431190, '2026-05-29 10:31:40', 'ON', 'online'),
(7062, 10, 201.251300, 201.276800, 1.001811, 3.596233, '2026-05-29 10:32:19', 'ON', 'online'),
(7063, 11, 343.689600, 218.742700, 1.573513, 11.436920, '2026-05-29 10:32:40', 'ON', 'online'),
(7064, 10, 184.611300, 201.180100, 0.921471, 3.599312, '2026-05-29 10:33:19', 'ON', 'online'),
(7065, 11, 326.598300, 219.480700, 1.488136, 11.442370, '2026-05-29 10:33:40', 'ON', 'online'),
(7066, 10, 372.757600, 200.515600, 1.867259, 3.605528, '2026-05-29 10:34:22', 'ON', 'online'),
(7067, 11, 348.222500, 219.919200, 1.583691, 11.448170, '2026-05-29 10:34:40', 'ON', 'online'),
(7068, 10, 274.998700, 200.584500, 1.372893, 3.610512, '2026-05-29 10:35:21', 'ON', 'online'),
(7069, 11, 346.307500, 220.117600, 1.575552, 11.453950, '2026-05-29 10:35:40', 'ON', 'online'),
(7070, 10, 135.160300, 201.918200, 0.671194, 3.612766, '2026-05-29 10:36:24', 'ON', 'online'),
(7071, 11, 288.063600, 220.174600, 1.308820, 11.458760, '2026-05-29 10:36:40', 'ON', 'online'),
(7072, 10, 436.752300, 200.446600, 2.181149, 3.620304, '2026-05-29 10:37:27', 'ON', 'online'),
(7073, 11, 341.842000, 219.720300, 1.556187, 11.464460, '2026-05-29 10:37:40', 'ON', 'online'),
(7074, 11, 308.974700, 219.213700, 1.412074, 11.469610, '2026-05-29 10:38:40', 'ON', 'online'),
(7075, 11, 321.644700, 220.304200, 1.462787, 11.474980, '2026-05-29 10:39:40', 'ON', 'online'),
(7076, 10, 403.439900, 199.862700, 2.021621, 3.637113, '2026-05-29 10:40:41', 'ON', 'online'),
(7077, 11, 335.776800, 218.447500, 1.541737, 11.480570, '2026-05-29 10:40:45', 'ON', 'online'),
(7078, 10, 308.443100, 200.350900, 1.541207, 3.642546, '2026-05-29 10:41:40', 'ON', 'online'),
(7079, 11, 316.049400, 219.534600, 1.441771, 11.486350, '2026-05-29 10:41:44', 'ON', 'online'),
(7080, 10, 213.809300, 200.238200, 1.067328, 3.646111, '2026-05-29 10:42:40', 'ON', 'online'),
(7081, 11, 405.938500, 220.080500, 1.846193, 11.493120, '2026-05-29 10:42:49', 'ON', 'online'),
(7082, 11, 341.877300, 218.592100, 1.564129, 11.499460, '2026-05-29 10:43:49', 'ON', 'online'),
(7083, 10, 316.773100, 200.236200, 1.583658, 3.658845, '2026-05-29 10:44:48', 'ON', 'online'),
(7084, 11, 352.740900, 219.906700, 1.604641, 11.505340, '2026-05-29 10:44:52', 'ON', 'online'),
(7085, 11, 337.850100, 220.135000, 1.533631, 11.511240, '2026-05-29 10:45:51', 'ON', 'online'),
(7086, 11, 351.664000, 219.227000, 1.605743, 11.517110, '2026-05-29 10:46:54', 'ON', 'online'),
(7087, 10, 404.432600, 199.623900, 2.030193, 3.669872, '2026-05-29 10:47:13', 'ON', 'online'),
(7088, 11, 348.516000, 219.439100, 1.588415, 11.523210, '2026-05-29 10:47:54', 'ON', 'online'),
(7089, 10, 292.333600, 199.463900, 1.466614, 3.675198, '2026-05-29 10:47:57', 'ON', 'online'),
(7090, 10, 128.563000, 201.651200, 0.637292, 3.677342, '2026-05-29 10:48:57', 'ON', 'online'),
(7091, 11, 391.340000, 221.110300, 1.772614, 11.529740, '2026-05-29 10:48:59', 'ON', 'online'),
(7092, 10, 449.050800, 199.120100, 2.257041, 3.684829, '2026-05-29 10:49:57', 'ON', 'online'),
(7093, 11, 297.508000, 219.082400, 1.358674, 11.535180, '2026-05-29 10:50:01', 'ON', 'online'),
(7094, 10, 232.829800, 201.286100, 1.157137, 3.688712, '2026-05-29 10:50:57', 'ON', 'online'),
(7095, 11, 364.190000, 220.318300, 1.653912, 11.541570, '2026-05-29 10:51:01', 'ON', 'online'),
(7096, 10, 219.416600, 201.376500, 1.090874, 3.692371, '2026-05-29 10:51:57', 'ON', 'online'),
(7097, 11, 375.260100, 220.147500, 1.705159, 11.547820, '2026-05-29 10:52:01', 'ON', 'online'),
(7098, 10, 375.511000, 199.830800, 1.883532, 3.698633, '2026-05-29 10:52:57', 'ON', 'online'),
(7099, 11, 330.863200, 219.613700, 1.504181, 11.553340, '2026-05-29 10:53:01', 'ON', 'online'),
(7100, 10, 330.706900, 199.848900, 1.656947, 3.704148, '2026-05-29 10:54:00', 'ON', 'online'),
(7101, 11, 318.175000, 219.206800, 1.452736, 11.558650, '2026-05-29 10:54:01', 'ON', 'online'),
(7102, 10, 206.239100, 200.141300, 1.030647, 3.707827, '2026-05-29 10:54:59', 'ON', 'online'),
(7103, 11, 367.877500, 219.454500, 1.676657, 11.564780, '2026-05-29 10:55:01', 'ON', 'online'),
(7104, 10, 318.730900, 200.463600, 1.592072, 3.713142, '2026-05-29 10:55:59', 'ON', 'online'),
(7105, 11, 310.241200, 219.264200, 1.414543, 11.569950, '2026-05-29 10:56:01', 'ON', 'online'),
(7106, 10, 347.667100, 199.697100, 1.745789, 3.718940, '2026-05-29 10:56:59', 'ON', 'online'),
(7107, 11, 319.256900, 219.083300, 1.458944, 11.575280, '2026-05-29 10:57:01', 'ON', 'online'),
(7108, 11, 395.886600, 219.204100, 1.807362, 11.581880, '2026-05-29 10:58:01', 'ON', 'online'),
(7109, 10, 228.465800, 200.999400, 1.138201, 3.722749, '2026-05-29 10:58:02', 'ON', 'online'),
(7110, 11, 390.740800, 218.733100, 1.790138, 11.588390, '2026-05-29 10:59:01', 'ON', 'online'),
(7111, 10, 311.338600, 200.491800, 1.555857, 3.728166, '2026-05-29 10:59:02', 'ON', 'online'),
(7112, 10, 316.462000, 200.398200, 1.584660, 3.733442, '2026-05-29 11:00:02', 'ON', 'online'),
(7113, 11, 342.266200, 219.540000, 1.556937, 11.594100, '2026-05-29 11:00:04', 'ON', 'online'),
(7114, 10, 172.068300, 200.352000, 0.864598, 3.736312, '2026-05-29 11:01:02', 'ON', 'online'),
(7115, 11, 350.650800, 220.481600, 1.592823, 11.600120, '2026-05-29 11:01:03', 'ON', 'online'),
(7116, 10, 407.820700, 199.061200, 2.049963, 3.743112, '2026-05-29 11:02:02', 'ON', 'online'),
(7117, 10, 201.362600, 202.233200, 1.000145, 3.746470, '2026-05-29 11:03:05', 'ON', 'online'),
(7118, 11, 307.356300, 222.119500, 1.382885, 11.610810, '2026-05-29 11:03:08', 'ON', 'online'),
(7119, 10, 238.065400, 202.305200, 1.177077, 3.750453, '2026-05-29 11:04:05', 'ON', 'online'),
(7120, 11, 312.411100, 222.443400, 1.405376, 11.616020, '2026-05-29 11:04:08', 'ON', 'online'),
(7121, 11, 345.575700, 221.229700, 1.566673, 11.621780, '2026-05-29 11:05:09', 'ON', 'online'),
(7122, 11, 368.244500, 222.091500, 1.657837, 11.627940, '2026-05-29 11:06:11', 'ON', 'online'),
(7123, 11, 342.939300, 223.196600, 1.534496, 11.633940, '2026-05-29 11:07:11', 'ON', 'online'),
(7124, 11, 394.458900, 221.066200, 1.784048, 11.640520, '2026-05-29 11:08:13', 'ON', 'online'),
(7125, 11, 316.863500, 223.238400, 1.419137, 11.646080, '2026-05-29 11:09:13', 'ON', 'online'),
(7126, 10, 94.195440, 202.847200, 0.466584, 3.773955, '2026-05-29 11:09:28', 'ON', 'online'),
(7127, 10, 346.840400, 201.483600, 1.722797, 3.779749, '2026-05-29 11:10:27', 'ON', 'online'),
(7128, 11, 14.429530, 223.817200, 0.064398, 11.661310, '2026-05-29 11:13:26', 'ON', 'online'),
(7129, 10, 49.478580, 203.758100, 0.243505, 3.792005, '2026-05-29 11:13:39', 'ON', 'online'),
(7130, 11, 13.814360, 222.386300, 0.062099, 11.661540, '2026-05-29 11:14:26', 'ON', 'online'),
(7131, 10, 290.291000, 203.266500, 1.433004, 3.796845, '2026-05-29 11:14:39', 'ON', 'online'),
(7132, 11, 13.437370, 222.331400, 0.060408, 11.661760, '2026-05-29 11:15:26', 'ON', 'online'),
(7133, 10, 264.519700, 203.186600, 1.305383, 3.807196, '2026-05-29 11:16:46', 'ON', 'online'),
(7134, 10, 99.072430, 204.213000, 0.486648, 3.808971, '2026-05-29 11:17:46', 'ON', 'online'),
(7135, 11, 14.420440, 222.509600, 0.064778, 11.662240, '2026-05-29 11:17:52', 'ON', 'online'),
(7136, 11, 16.468960, 223.106100, 0.073550, 11.662610, '2026-05-29 11:18:35', 'ON', 'online'),
(7137, 11, 14.027200, 222.807800, 0.062968, 11.662850, '2026-05-29 11:19:35', 'ON', 'online'),
(7138, 10, 50.120360, 203.766800, 0.247062, 3.818496, '2026-05-29 11:19:55', 'ON', 'online'),
(7139, 11, 411.142000, 223.514400, 1.849036, 11.669700, '2026-05-29 11:20:35', 'ON', 'online'),
(7140, 10, 288.503900, 200.649900, 1.439919, 3.823318, '2026-05-29 11:20:55', 'ON', 'online'),
(7141, 11, 668.772700, 220.916500, 3.027288, 11.680850, '2026-05-29 11:21:35', 'ON', 'online'),
(7142, 10, 350.199300, 199.796300, 1.754092, 3.829159, '2026-05-29 11:21:55', 'ON', 'online'),
(7143, 11, 637.907000, 221.915500, 2.876328, 11.691490, '2026-05-29 11:22:35', 'ON', 'online'),
(7144, 10, 305.093300, 199.925900, 1.528094, 3.834246, '2026-05-29 11:22:55', 'ON', 'online'),
(7145, 11, 570.612100, 223.239300, 2.556154, 11.701010, '2026-05-29 11:23:35', 'ON', 'online'),
(7146, 10, 46.392860, 201.825800, 0.231279, 3.835019, '2026-05-29 11:23:55', 'ON', 'online'),
(7147, 11, 520.297700, 221.393100, 2.349928, 11.709680, '2026-05-29 11:24:38', 'ON', 'online'),
(7148, 10, 518.864800, 200.339600, 2.592139, 3.843672, '2026-05-29 11:24:55', 'ON', 'online'),
(7149, 11, 453.625900, 222.597200, 2.039030, 11.717620, '2026-05-29 11:25:38', 'ON', 'online'),
(7150, 10, 21.628540, 203.329100, 0.106396, 3.844033, '2026-05-29 11:25:58', 'ON', 'online'),
(7151, 11, 337.209400, 223.254600, 1.511059, 11.723250, '2026-05-29 11:26:41', 'ON', 'online'),
(7152, 10, 345.245700, 202.856500, 1.701348, 3.849807, '2026-05-29 11:26:57', 'ON', 'online'),
(7153, 11, 301.479800, 223.073200, 1.349064, 11.728600, '2026-05-29 11:27:40', 'ON', 'online'),
(7154, 10, 285.006700, 202.081500, 1.413789, 3.854559, '2026-05-29 11:27:57', 'ON', 'online'),
(7155, 11, 351.019000, 222.577000, 1.575616, 11.734460, '2026-05-29 11:28:40', 'ON', 'online'),
(7156, 10, 376.543800, 202.435800, 1.860120, 3.860837, '2026-05-29 11:28:57', 'ON', 'online'),
(7157, 11, 346.202300, 223.443500, 1.549256, 11.740230, '2026-05-29 11:29:40', 'ON', 'online'),
(7158, 10, 78.496250, 203.440600, 0.388704, 3.862147, '2026-05-29 11:29:58', 'ON', 'online'),
(7159, 11, 344.662800, 222.553200, 1.548839, 11.745980, '2026-05-29 11:30:40', 'ON', 'online'),
(7160, 10, 291.170600, 203.446500, 1.435456, 3.867002, '2026-05-29 11:30:58', 'ON', 'online'),
(7161, 11, 323.788500, 223.704300, 1.446934, 11.751380, '2026-05-29 11:31:40', 'ON', 'online'),
(7162, 10, 360.403500, 203.402900, 1.777025, 3.873012, '2026-05-29 11:31:58', 'ON', 'online'),
(7163, 11, 433.211100, 225.505200, 1.922681, 11.758600, '2026-05-29 11:32:40', 'ON', 'online'),
(7164, 10, 14.683540, 206.442200, 0.071227, 3.873256, '2026-05-29 11:32:58', 'OFF', 'online'),
(7165, 11, 289.432700, 225.658200, 1.284359, 11.763430, '2026-05-29 11:33:40', 'ON', 'online'),
(7166, 11, 383.294100, 225.556300, 1.701984, 11.769820, '2026-05-29 11:34:43', 'ON', 'online'),
(7167, 11, 342.495900, 223.717500, 1.531534, 11.775820, '2026-05-29 11:35:43', 'ON', 'online'),
(7168, 11, 349.036800, 225.271700, 1.550370, 11.781640, '2026-05-29 11:36:43', 'ON', 'online'),
(7169, 11, 367.375300, 225.895200, 1.625938, 11.787770, '2026-05-29 11:37:43', 'ON', 'online'),
(7170, 11, 427.891500, 225.873200, 1.894761, 11.794900, '2026-05-29 11:38:43', 'ON', 'online'),
(7171, 11, 331.229500, 226.808800, 1.460809, 11.942620, '2026-05-29 13:03:07', 'ON', 'online'),
(7172, 11, 382.904100, 227.449600, 1.682392, 11.936310, '2026-05-29 13:03:07', 'ON', 'online'),
(7173, 11, 342.038900, 225.873700, 1.517895, 11.825650, '2026-05-29 13:03:07', 'ON', 'online'),
(7174, 11, 354.905800, 227.134000, 1.568961, 12.052380, '2026-05-29 13:03:07', 'ON', 'online'),
(7175, 11, 332.585300, 227.503800, 1.463608, 11.966860, '2026-05-29 13:03:07', 'ON', 'online'),
(7176, 11, 327.012300, 226.799300, 1.442355, 11.838470, '2026-05-29 13:03:07', 'ON', 'online'),
(7177, 11, 335.811500, 226.912900, 1.482675, 11.884390, '2026-05-29 13:03:07', 'ON', 'online'),
(7178, 11, 314.553800, 225.913000, 1.392722, 11.819330, '2026-05-29 13:03:07', 'ON', 'online'),
(7179, 11, 351.796900, 226.914400, 1.554243, 11.922250, '2026-05-29 13:03:07', 'ON', 'online'),
(7180, 11, 390.449400, 226.652600, 1.723707, 12.083960, '2026-05-29 13:03:07', 'ON', 'online'),
(7181, 11, 374.885100, 227.236000, 1.651782, 12.059260, '2026-05-29 13:03:07', 'ON', 'online'),
(7182, 11, 345.497600, 226.452500, 1.525869, 11.800660, '2026-05-29 13:03:07', 'ON', 'online'),
(7183, 11, 357.028100, 227.469300, 1.571246, 11.871290, '2026-05-29 13:03:07', 'ON', 'online'),
(7184, 11, 343.285000, 226.056300, 1.520883, 12.032010, '2026-05-29 13:03:07', 'ON', 'online'),
(7185, 11, 334.171400, 226.932600, 1.473927, 11.916320, '2026-05-29 13:03:07', 'ON', 'online'),
(7186, 11, 393.116700, 226.996800, 1.729996, 11.979780, '2026-05-29 13:03:07', 'ON', 'online'),
(7187, 11, 385.376200, 226.747000, 1.700246, 12.000400, '2026-05-29 13:03:07', 'ON', 'online'),
(7188, 11, 320.845400, 227.310200, 1.413935, 11.954800, '2026-05-29 13:03:07', 'ON', 'online'),
(7189, 11, 366.981400, 226.735500, 1.618883, 11.929130, '2026-05-29 13:03:07', 'ON', 'online'),
(7190, 11, 399.339000, 226.510200, 1.765247, 12.039960, '2026-05-29 13:03:07', 'ON', 'online'),
(7191, 11, 309.009900, 227.685500, 1.357397, 12.071220, '2026-05-29 13:03:07', 'ON', 'online'),
(7192, 11, 373.371700, 226.498700, 1.650361, 12.065520, '2026-05-29 13:03:07', 'ON', 'online'),
(7193, 11, 378.856800, 227.046100, 1.669831, 11.904300, '2026-05-29 13:03:07', 'ON', 'online'),
(7194, 11, 377.712600, 227.166500, 1.663142, 11.992880, '2026-05-29 13:03:07', 'ON', 'online'),
(7195, 11, 325.751600, 227.053500, 1.433966, 11.961010, '2026-05-29 13:03:07', 'ON', 'online'),
(7196, 11, 367.255700, 226.393000, 1.626530, 12.077410, '2026-05-29 13:03:07', 'ON', 'online'),
(7197, 11, 347.285600, 226.315200, 1.536301, 12.045800, '2026-05-29 13:03:07', 'ON', 'online'),
(7198, 11, 363.549000, 227.046400, 1.602093, 12.134460, '2026-05-29 13:03:07', 'ON', 'online'),
(7199, 11, 309.698600, 227.209900, 1.361575, 12.122100, '2026-05-29 13:03:07', 'ON', 'online'),
(7200, 11, 339.892700, 227.293400, 1.497522, 11.948710, '2026-05-29 13:03:07', 'ON', 'online'),
(7201, 11, 399.885300, 226.277600, 1.767848, 11.813360, '2026-05-29 13:03:07', 'ON', 'online'),
(7202, 11, 358.518600, 225.762400, 1.587435, 12.090700, '2026-05-29 13:03:07', 'ON', 'online'),
(7203, 11, 338.282100, 226.962000, 1.490244, 12.166390, '2026-05-29 13:03:07', 'ON', 'online'),
(7204, 11, 316.859100, 227.450100, 1.390703, 11.972440, '2026-05-29 13:03:07', 'ON', 'online'),
(7205, 11, 340.267500, 226.448900, 1.501602, 12.172800, '2026-05-29 13:03:07', 'ON', 'online'),
(7206, 11, 408.703000, 226.046000, 1.809422, 11.845660, '2026-05-29 13:03:07', 'ON', 'online'),
(7207, 11, 317.466900, 226.711700, 1.399532, 12.140380, '2026-05-29 13:03:07', 'ON', 'online'),
(7208, 11, 345.342900, 226.610800, 1.524107, 11.864660, '2026-05-29 13:03:07', 'ON', 'online'),
(7209, 11, 338.389100, 226.062400, 1.498331, 12.241980, '2026-05-29 13:03:07', 'ON', 'online'),
(7210, 11, 387.371700, 225.792000, 1.719197, 12.179320, '2026-05-29 13:03:07', 'ON', 'online'),
(7211, 11, 356.828800, 227.409100, 1.568162, 11.832370, '2026-05-29 13:03:07', 'ON', 'online'),
(7212, 11, 372.420300, 226.970800, 1.644684, 12.160330, '2026-05-29 13:03:07', 'ON', 'online'),
(7213, 11, 328.625000, 224.295200, 1.467022, 12.248120, '2026-05-29 13:03:07', 'ON', 'online'),
(7214, 11, 400.999700, 225.562300, 1.780723, 12.192640, '2026-05-29 13:03:07', 'ON', 'online'),
(7215, 11, 370.894400, 226.327800, 1.639978, 12.205150, '2026-05-29 13:03:07', 'ON', 'online'),
(7216, 11, 299.726200, 225.641500, 1.329321, 12.216670, '2026-05-29 13:03:07', 'ON', 'online'),
(7217, 11, 325.774300, 226.004700, 1.444379, 12.198910, '2026-05-29 13:03:07', 'ON', 'online'),
(7218, 11, 327.319000, 226.050100, 1.447552, 12.210960, '2026-05-29 13:03:07', 'ON', 'online'),
(7219, 11, 331.898900, 225.005900, 1.474714, 12.260900, '2026-05-29 13:03:07', 'ON', 'online'),
(7220, 11, 338.992200, 226.341900, 1.498324, 12.025540, '2026-05-29 13:03:07', 'ON', 'online'),
(7221, 11, 348.526400, 225.023800, 1.550293, 12.254670, '2026-05-29 13:03:07', 'ON', 'online'),
(7222, 11, 366.011100, 226.763200, 1.614419, 12.146530, '2026-05-29 13:03:07', 'ON', 'online'),
(7223, 11, 366.169800, 226.930900, 1.614778, 12.153420, '2026-05-29 13:03:07', 'ON', 'online'),
(7224, 11, 343.152200, 225.374500, 1.523355, 12.229130, '2026-05-29 13:03:07', 'ON', 'online'),
(7225, 11, 340.850500, 225.872500, 1.506987, 12.222670, '2026-05-29 13:03:07', 'ON', 'online'),
(7226, 11, 325.119800, 224.775200, 1.445357, 12.280310, '2026-05-29 13:03:07', 'ON', 'online'),
(7227, 11, 375.182200, 224.430100, 1.671331, 12.267870, '2026-05-29 13:03:07', 'ON', 'online'),
(7228, 11, 328.612000, 224.598300, 1.467213, 12.235540, '2026-05-29 13:03:07', 'ON', 'online'),
(7229, 11, 344.535000, 226.416500, 1.524602, 11.890170, '2026-05-29 13:03:07', 'ON', 'online'),
(7230, 11, 348.323800, 227.300600, 1.536905, 12.019140, '2026-05-29 13:03:07', 'ON', 'online'),
(7231, 11, 341.091200, 226.425000, 1.505625, 12.128370, '2026-05-29 13:03:07', 'ON', 'online'),
(7232, 11, 329.659100, 226.037000, 1.459680, 12.185420, '2026-05-29 13:03:07', 'ON', 'online'),
(7233, 11, 367.804300, 226.880200, 1.621221, 11.896940, '2026-05-29 13:03:07', 'ON', 'online'),
(7234, 11, 343.855400, 227.257600, 1.513919, 11.910700, '2026-05-29 13:03:07', 'ON', 'online'),
(7235, 11, 331.346400, 226.507300, 1.463312, 11.985910, '2026-05-29 13:03:07', 'ON', 'online'),
(7236, 11, 375.046500, 227.493800, 1.647913, 11.878500, '2026-05-29 13:03:07', 'ON', 'online'),
(7237, 11, 312.205600, 227.410700, 1.374341, 12.005850, '2026-05-29 13:03:07', 'ON', 'online'),
(7238, 11, 386.746600, 227.326800, 1.701241, 12.012740, '2026-05-29 13:03:07', 'ON', 'online'),
(7239, 11, 402.928300, 223.623400, 1.802161, 12.287490, '2026-05-29 13:03:20', 'ON', 'online'),
(7240, 11, 345.930100, 223.326700, 1.550486, 12.293260, '2026-05-29 13:04:20', 'ON', 'online'),
(7241, 11, 412.838700, 222.506400, 1.855163, 12.300140, '2026-05-29 13:05:20', 'ON', 'online'),
(7242, 11, 379.492200, 221.498600, 1.714938, 12.306470, '2026-05-29 13:06:23', 'ON', 'online'),
(7243, 11, 366.781300, 222.081600, 1.651797, 12.312680, '2026-05-29 13:07:23', 'ON', 'online'),
(7244, 11, 371.841700, 221.385700, 1.681666, 12.318880, '2026-05-29 13:08:23', 'ON', 'online'),
(7245, 11, 392.255700, 222.740000, 1.762876, 12.325420, '2026-05-29 13:09:23', 'ON', 'online'),
(7246, 11, 317.937200, 223.712200, 1.422390, 12.330720, '2026-05-29 13:10:23', 'ON', 'online'),
(7247, 11, 356.257000, 220.852400, 1.614922, 12.336660, '2026-05-29 13:11:23', 'ON', 'online'),
(7248, 11, 368.440400, 220.315000, 1.673604, 12.342800, '2026-05-29 13:12:26', 'ON', 'online'),
(7249, 11, 313.754200, 220.310400, 1.424057, 12.348380, '2026-05-29 13:13:25', 'ON', 'online'),
(7250, 11, 328.574300, 220.660200, 1.491825, 12.353860, '2026-05-29 13:14:26', 'ON', 'online'),
(7251, 11, 341.775000, 219.097600, 1.564605, 12.359560, '2026-05-29 13:15:29', 'ON', 'online'),
(7252, 11, 345.721100, 218.580600, 1.580406, 12.365580, '2026-05-29 13:16:28', 'ON', 'online'),
(7253, 11, 375.443800, 218.964600, 1.715532, 12.371840, '2026-05-29 13:17:28', 'ON', 'online'),
(7254, 11, 356.006800, 220.877200, 1.611947, 12.377780, '2026-05-29 13:18:28', 'ON', 'online'),
(7255, 11, 296.201800, 220.373700, 1.344009, 12.382720, '2026-05-29 13:19:31', 'ON', 'online'),
(7256, 11, 405.477100, 219.026900, 1.850372, 12.389720, '2026-05-29 13:20:33', 'ON', 'online'),
(7257, 11, 346.264300, 218.575600, 1.583875, 12.395740, '2026-05-29 13:21:32', 'ON', 'online'),
(7258, 11, 373.856500, 221.012800, 1.693959, 12.401970, '2026-05-29 13:22:32', 'ON', 'online'),
(7259, 11, 381.234400, 222.826100, 1.713722, 12.408320, '2026-05-29 13:23:32', 'ON', 'online'),
(7260, 11, 326.173200, 221.296200, 1.475465, 12.426520, '2026-05-29 13:26:41', 'ON', 'online'),
(7261, 11, 320.968800, 218.972200, 1.466782, 12.431880, '2026-05-29 13:27:41', 'ON', 'online'),
(7262, 11, 382.816600, 221.298300, 1.731053, 12.438260, '2026-05-29 13:28:41', 'ON', 'online'),
(7263, 11, 360.631700, 220.758200, 1.634146, 12.444270, '2026-05-29 13:29:41', 'ON', 'online'),
(7264, 11, 319.327800, 220.171600, 1.449311, 12.449590, '2026-05-29 13:30:42', 'ON', 'online'),
(7265, 11, 351.019300, 220.649800, 1.590730, 12.455450, '2026-05-29 13:31:41', 'ON', 'online'),
(7266, 11, 343.810900, 222.658000, 1.549240, 12.461180, '2026-05-29 13:32:41', 'ON', 'online'),
(7267, 11, 320.916300, 219.819600, 1.462769, 12.466530, '2026-05-29 13:33:44', 'ON', 'online'),
(7268, 11, 322.381800, 220.382500, 1.465401, 12.472160, '2026-05-29 13:34:44', 'ON', 'online'),
(7269, 11, 363.490900, 221.445900, 1.643479, 12.485840, '2026-05-29 13:36:48', 'ON', 'online'),
(7270, 11, 328.319500, 217.743800, 1.509014, 12.491320, '2026-05-29 13:37:48', 'ON', 'online'),
(7271, 11, 372.161400, 218.570900, 1.704859, 12.497530, '2026-05-29 13:38:48', 'ON', 'online'),
(7272, 11, 370.313400, 221.231500, 1.673077, 12.503700, '2026-05-29 13:39:48', 'ON', 'online'),
(7273, 11, 342.636300, 218.535300, 1.566424, 12.509410, '2026-05-29 13:40:48', 'ON', 'online'),
(7274, 11, 328.767400, 220.478200, 1.494950, 12.514890, '2026-05-29 13:41:54', 'ON', 'online'),
(7275, 11, 394.654000, 220.173800, 1.793858, 12.521860, '2026-05-29 13:42:59', 'ON', 'online'),
(7276, 11, 308.606200, 221.259800, 1.398616, 12.527420, '2026-05-29 13:43:59', 'ON', 'online'),
(7277, 11, 350.984800, 222.776400, 1.579738, 12.539200, '2026-05-29 13:46:03', 'ON', 'online'),
(7278, 11, 294.580100, 226.118500, 1.305030, 12.557100, '2026-05-29 13:49:12', 'ON', 'online'),
(7279, 11, 354.396400, 222.954500, 1.590179, 12.568720, '2026-05-29 13:51:16', 'ON', 'online'),
(7280, 11, 377.177700, 223.712000, 1.688528, 12.575020, '2026-05-29 13:52:16', 'ON', 'online'),
(7281, 11, 295.580800, 223.485600, 1.327992, 12.579940, '2026-05-29 13:53:16', 'ON', 'online'),
(7282, 11, 354.622200, 224.661700, 1.581779, 12.585850, '2026-05-29 13:54:16', 'ON', 'online'),
(7283, 11, 394.218700, 226.404800, 1.741963, 12.592430, '2026-05-29 13:55:16', 'ON', 'online'),
(7284, 11, 390.610100, 226.235800, 1.730947, 12.598940, '2026-05-29 13:56:24', 'ON', 'online'),
(7285, 11, 365.584600, 227.586600, 1.610686, 12.605080, '2026-05-29 13:57:21', 'ON', 'online'),
(7286, 11, 369.778000, 224.251900, 1.651203, 12.611250, '2026-05-29 13:58:21', 'ON', 'online'),
(7287, 11, 395.588500, 224.132000, 1.766952, 12.617840, '2026-05-29 13:59:29', 'ON', 'online'),
(7288, 11, 341.549500, 224.519500, 1.522588, 12.624190, '2026-05-29 14:00:25', 'ON', 'online'),
(7289, 11, 347.642000, 223.756800, 1.559845, 12.629990, '2026-05-29 14:01:28', 'ON', 'online'),
(7290, 11, 355.825800, 222.946500, 1.603655, 12.636050, '2026-05-29 14:02:28', 'ON', 'online'),
(7291, 11, 359.459900, 224.544900, 1.600683, 12.642040, '2026-05-29 14:03:28', 'ON', 'online'),
(7292, 11, 320.389100, 222.984800, 1.437422, 12.647390, '2026-05-29 14:04:28', 'ON', 'online'),
(7293, 11, 352.062000, 223.458100, 1.578678, 12.653250, '2026-05-29 14:05:28', 'ON', 'online'),
(7294, 11, 339.142000, 222.671700, 1.526109, 12.658910, '2026-05-29 14:06:28', 'ON', 'online'),
(7295, 11, 342.553200, 223.542800, 1.531890, 12.664620, '2026-05-29 14:07:28', 'ON', 'online'),
(7296, 11, 406.834900, 223.272500, 1.822517, 12.671410, '2026-05-29 14:08:28', 'ON', 'online'),
(7297, 11, 344.728100, 223.895800, 1.540425, 12.677150, '2026-05-29 14:09:28', 'ON', 'online'),
(7298, 11, 360.426300, 222.329100, 1.623752, 12.683160, '2026-05-29 14:10:28', 'ON', 'online'),
(7299, 11, 313.415400, 223.547100, 1.401826, 12.688390, '2026-05-29 14:11:28', 'ON', 'online'),
(7300, 11, 344.189900, 222.959200, 1.547141, 12.694130, '2026-05-29 14:12:28', 'ON', 'online'),
(7301, 11, 348.292700, 224.764800, 1.551342, 12.699930, '2026-05-29 14:13:28', 'ON', 'online'),
(7302, 11, 360.607400, 222.737000, 1.621867, 12.705950, '2026-05-29 14:14:28', 'ON', 'online'),
(7303, 11, 330.865800, 223.703900, 1.479259, 12.711460, '2026-05-29 14:15:28', 'ON', 'online'),
(7304, 11, 370.119800, 227.734200, 1.627000, 12.717630, '2026-05-29 14:16:28', 'ON', 'online'),
(7305, 11, 364.893800, 222.615300, 1.641594, 12.723720, '2026-05-29 14:17:28', 'ON', 'online'),
(7306, 11, 367.743000, 220.485200, 1.668722, 12.729860, '2026-05-29 14:18:28', 'ON', 'online'),
(7307, 11, 349.929400, 223.260200, 1.565225, 12.735690, '2026-05-29 14:19:28', 'ON', 'online'),
(7308, 11, 290.880200, 224.809900, 1.297595, 12.740550, '2026-05-29 14:20:28', 'ON', 'online'),
(7309, 11, 381.891400, 222.934700, 1.716068, 12.746910, '2026-05-29 14:21:28', 'ON', 'online'),
(7310, 11, 349.289900, 222.568000, 1.572974, 12.752740, '2026-05-29 14:22:28', 'ON', 'online'),
(7311, 11, 316.508100, 223.814300, 1.419595, 12.758020, '2026-05-29 14:23:28', 'ON', 'online'),
(7312, 11, 409.616300, 223.018200, 1.838183, 12.764840, '2026-05-29 14:24:28', 'ON', 'online'),
(7313, 11, 310.194900, 223.795800, 1.387787, 12.770020, '2026-05-29 14:25:28', 'ON', 'online'),
(7314, 11, 292.652200, 223.530200, 1.309888, 12.774890, '2026-05-29 14:26:28', 'ON', 'online'),
(7315, 11, 330.155300, 223.775900, 1.477209, 12.780400, '2026-05-29 14:27:28', 'ON', 'online'),
(7316, 11, 356.225100, 224.900200, 1.585035, 12.786340, '2026-05-29 14:28:28', 'ON', 'online'),
(7317, 11, 370.259600, 224.662300, 1.649691, 12.792520, '2026-05-29 14:29:28', 'ON', 'online'),
(7318, 11, 369.199800, 222.506300, 1.659513, 12.798670, '2026-05-29 14:30:31', 'ON', 'online'),
(7319, 11, 417.630800, 224.818700, 1.856561, 12.805880, '2026-05-29 14:31:31', 'ON', 'online'),
(7320, 11, 355.118700, 225.474100, 1.576632, 12.811800, '2026-05-29 14:32:31', 'ON', 'online'),
(7321, 11, 324.430200, 223.242100, 1.457599, 12.817210, '2026-05-29 14:33:31', 'ON', 'online'),
(7322, 11, 405.489100, 225.187300, 1.800071, 12.823970, '2026-05-29 14:34:31', 'ON', 'online'),
(7323, 11, 313.377300, 224.640900, 1.393783, 12.829190, '2026-05-29 14:35:31', 'ON', 'online'),
(7324, 11, 431.269700, 223.004500, 1.936061, 12.836380, '2026-05-29 14:36:31', 'ON', 'online'),
(7325, 11, 392.236200, 222.594600, 1.765061, 12.842920, '2026-05-29 14:37:31', 'ON', 'online'),
(7326, 11, 314.352700, 224.646500, 1.403745, 12.848170, '2026-05-29 14:38:31', 'ON', 'online'),
(7327, 11, 338.440000, 223.147100, 1.516666, 12.853810, '2026-05-29 14:39:31', 'ON', 'online'),
(7328, 11, 346.696700, 223.953800, 1.546268, 12.859590, '2026-05-29 14:40:31', 'ON', 'online'),
(7329, 11, 352.686700, 223.532000, 1.580925, 12.865470, '2026-05-29 14:41:31', 'ON', 'online'),
(7330, 11, 364.791200, 222.692100, 1.640022, 12.871550, '2026-05-29 14:42:31', 'ON', 'online'),
(7331, 11, 374.250000, 224.258300, 1.670160, 12.877790, '2026-05-29 14:43:31', 'ON', 'online'),
(7332, 11, 351.185300, 224.220900, 1.570785, 12.883640, '2026-05-29 14:44:31', 'ON', 'online'),
(7333, 11, 290.500500, 224.407300, 1.295772, 12.888490, '2026-05-29 14:45:32', 'ON', 'online'),
(7334, 11, 360.525200, 223.397800, 1.616855, 12.894530, '2026-05-29 14:46:34', 'ON', 'online'),
(7335, 11, 398.245500, 224.561100, 1.773945, 12.901340, '2026-05-29 14:47:34', 'ON', 'online'),
(7336, 11, 338.986500, 224.247800, 1.513089, 12.906990, '2026-05-29 14:48:36', 'ON', 'online'),
(7337, 11, 345.524400, 224.931400, 1.537440, 12.913000, '2026-05-29 14:49:36', 'ON', 'online'),
(7338, 11, 284.592400, 224.728700, 1.268281, 12.917740, '2026-05-29 14:50:36', 'ON', 'online'),
(7339, 11, 342.204300, 221.725500, 1.545307, 12.923450, '2026-05-29 14:51:36', 'ON', 'online'),
(7340, 11, 364.310200, 221.566700, 1.641367, 12.929530, '2026-05-29 14:52:36', 'ON', 'online'),
(7341, 11, 397.141500, 221.870700, 1.795814, 12.936150, '2026-05-29 14:53:36', 'ON', 'online'),
(7342, 11, 310.694400, 220.665500, 1.406902, 12.941330, '2026-05-29 14:54:36', 'ON', 'online'),
(7343, 11, 379.522000, 220.805900, 1.718803, 12.947650, '2026-05-29 14:55:36', 'ON', 'online'),
(7344, 11, 389.617900, 222.682800, 1.752521, 12.954150, '2026-05-29 14:56:36', 'ON', 'online'),
(7345, 11, 380.407100, 222.926300, 1.711549, 12.960490, '2026-05-29 14:57:36', 'ON', 'online'),
(7346, 11, 325.196500, 223.414200, 1.455462, 12.965920, '2026-05-29 14:58:36', 'ON', 'online'),
(7347, 11, 392.406600, 220.540900, 1.779547, 12.972460, '2026-05-29 14:59:36', 'ON', 'online'),
(7348, 11, 396.640400, 223.224800, 1.780099, 12.979080, '2026-05-29 15:00:36', 'ON', 'online'),
(7349, 11, 382.376900, 223.006800, 1.716027, 12.985450, '2026-05-29 15:01:36', 'ON', 'online'),
(7350, 11, 442.123400, 221.586700, 1.994506, 12.992830, '2026-05-29 15:02:36', 'ON', 'online'),
(7351, 11, 363.706700, 223.557500, 1.628773, 12.998890, '2026-05-29 15:03:36', 'ON', 'online'),
(7352, 11, 358.760600, 223.441300, 1.608824, 13.004870, '2026-05-29 15:04:39', 'ON', 'online'),
(7353, 11, 324.257700, 222.673300, 1.454358, 13.010550, '2026-05-29 15:05:39', 'ON', 'online'),
(7354, 11, 388.103100, 220.634000, 1.761147, 13.017020, '2026-05-29 15:06:42', 'ON', 'online'),
(7355, 11, 348.338200, 223.606100, 1.558810, 13.023070, '2026-05-29 15:07:41', 'ON', 'online'),
(7356, 11, 328.611400, 222.212000, 1.480328, 13.028550, '2026-05-29 15:08:41', 'ON', 'online'),
(7357, 11, 355.490600, 224.711100, 1.584595, 13.034480, '2026-05-29 15:09:41', 'ON', 'online'),
(7358, 11, 370.609500, 222.323300, 1.667422, 13.040660, '2026-05-29 15:10:41', 'ON', 'online'),
(7359, 11, 372.295000, 224.286100, 1.664209, 13.046870, '2026-05-29 15:11:41', 'ON', 'online'),
(7360, 11, 308.966900, 222.900400, 1.388172, 13.052020, '2026-05-29 15:12:42', 'ON', 'online'),
(7361, 11, 403.501400, 224.806200, 1.794542, 13.058820, '2026-05-29 15:13:42', 'ON', 'online'),
(7362, 11, 263.624100, 223.811400, 1.177127, 13.063220, '2026-05-29 15:14:42', 'ON', 'online'),
(7363, 11, 357.747000, 222.377500, 1.612338, 13.069180, '2026-05-29 15:15:42', 'ON', 'online'),
(7364, 11, 358.563600, 223.632500, 1.602175, 13.075160, '2026-05-29 15:16:42', 'ON', 'online'),
(7365, 11, 330.974400, 222.399000, 1.491434, 13.080680, '2026-05-29 15:17:42', 'ON', 'online'),
(7366, 11, 368.207700, 225.261900, 1.634434, 13.086810, '2026-05-29 15:18:42', 'ON', 'online'),
(7367, 11, 345.749200, 222.455900, 1.556560, 13.092580, '2026-05-29 15:19:42', 'ON', 'online'),
(7368, 11, 333.299900, 222.285800, 1.499195, 13.098140, '2026-05-29 15:20:42', 'ON', 'online'),
(7369, 11, 348.674600, 223.132100, 1.566276, 13.103950, '2026-05-29 15:21:43', 'ON', 'online'),
(7370, 11, 325.897200, 222.474300, 1.466295, 13.109380, '2026-05-29 15:22:42', 'ON', 'online'),
(7371, 11, 336.437400, 222.787100, 1.508942, 13.121220, '2026-05-29 15:24:47', 'ON', 'online'),
(7372, 11, 397.921900, 223.075000, 1.784459, 13.127860, '2026-05-29 15:25:47', 'ON', 'online'),
(7373, 11, 363.083000, 221.934800, 1.638031, 13.133910, '2026-05-29 15:26:47', 'ON', 'online'),
(7374, 11, 360.775700, 223.363100, 1.615255, 13.139930, '2026-05-29 15:27:47', 'ON', 'online'),
(7375, 11, 330.983300, 226.104500, 1.465742, 13.145450, '2026-05-29 15:28:47', 'ON', 'online'),
(7376, 11, 385.339300, 221.992100, 1.738127, 13.151870, '2026-05-29 15:29:47', 'ON', 'online'),
(7377, 11, 357.517200, 220.739200, 1.622353, 13.157840, '2026-05-29 15:30:47', 'ON', 'online'),
(7378, 11, 345.870800, 223.097400, 1.554324, 13.163600, '2026-05-29 15:31:47', 'ON', 'online'),
(7379, 11, 345.637100, 221.712100, 1.558794, 13.169370, '2026-05-29 15:32:47', 'ON', 'online'),
(7380, 11, 418.402700, 222.347900, 1.885187, 13.176350, '2026-05-29 15:33:47', 'ON', 'online'),
(7381, 11, 339.205900, 223.225600, 1.518989, 13.182000, '2026-05-29 15:34:47', 'ON', 'online'),
(7382, 11, 342.767200, 222.375000, 1.543066, 13.187720, '2026-05-29 15:35:47', 'ON', 'online'),
(7383, 11, 354.844300, 223.590900, 1.590465, 13.193640, '2026-05-29 15:36:50', 'ON', 'online'),
(7384, 11, 396.084500, 222.906200, 1.779037, 13.200430, '2026-05-29 15:37:49', 'ON', 'online'),
(7385, 11, 453.027600, 222.303900, 2.038402, 13.207980, '2026-05-29 15:38:49', 'ON', 'online'),
(7386, 11, 396.219800, 223.337600, 1.776733, 13.214590, '2026-05-29 15:39:49', 'ON', 'online'),
(7387, 11, 299.596800, 223.701500, 1.341438, 13.219580, '2026-05-29 15:40:50', 'ON', 'online'),
(7388, 11, 377.640900, 223.300500, 1.692054, 13.225880, '2026-05-29 15:41:50', 'ON', 'online'),
(7389, 11, 312.331800, 223.369600, 1.398835, 13.231090, '2026-05-29 15:42:50', 'ON', 'online'),
(7390, 10, 302.753100, 204.644300, 1.486695, 3.878296, '2026-05-29 15:43:28', 'ON', 'online'),
(7391, 11, 343.181700, 223.536700, 1.536955, 13.236810, '2026-05-29 15:43:50', 'ON', 'online'),
(7392, 10, 273.867100, 205.263700, 1.337154, 3.882861, '2026-05-29 15:44:28', 'ON', 'online'),
(7393, 11, 361.828500, 223.763700, 1.616638, 13.242850, '2026-05-29 15:44:50', 'ON', 'online'),
(7394, 10, 220.736300, 205.012200, 1.077527, 3.886539, '2026-05-29 15:45:31', 'ON', 'online'),
(7395, 11, 373.585000, 224.625200, 1.663242, 13.249070, '2026-05-29 15:45:50', 'ON', 'online'),
(7396, 10, 454.638100, 203.712300, 2.235729, 3.894239, '2026-05-29 15:46:31', 'ON', 'online'),
(7397, 11, 314.461500, 223.286900, 1.409503, 13.254320, '2026-05-29 15:46:50', 'ON', 'online'),
(7398, 10, 172.407500, 204.895200, 0.839903, 3.897115, '2026-05-29 15:47:31', 'ON', 'online'),
(7399, 11, 354.654600, 224.799500, 1.578924, 13.260230, '2026-05-29 15:47:50', 'ON', 'online'),
(7400, 10, 149.813500, 204.869900, 0.732902, 3.899613, '2026-05-29 15:48:31', 'ON', 'online'),
(7401, 11, 445.098700, 222.457500, 2.002503, 13.267660, '2026-05-29 15:48:50', 'ON', 'online'),
(7402, 10, 496.321500, 202.321900, 2.455311, 3.907889, '2026-05-29 15:49:31', 'ON', 'online'),
(7403, 11, 410.154400, 221.558400, 1.851571, 13.274490, '2026-05-29 15:49:52', 'ON', 'online'),
(7404, 10, 85.642740, 204.768100, 0.419967, 3.909316, '2026-05-29 15:50:33', 'ON', 'online'),
(7405, 11, 322.542500, 223.981000, 1.438306, 13.279890, '2026-05-29 15:50:52', 'ON', 'online'),
(7406, 10, 290.203000, 203.985900, 1.427480, 3.914165, '2026-05-29 15:51:35', 'ON', 'online'),
(7407, 11, 336.371000, 223.531400, 1.504301, 13.285500, '2026-05-29 15:51:51', 'ON', 'online'),
(7408, 10, 339.497600, 204.216100, 1.665827, 3.920171, '2026-05-29 15:52:34', 'ON', 'online'),
(7409, 11, 308.858600, 223.113500, 1.386021, 13.290650, '2026-05-29 15:52:54', 'ON', 'online'),
(7410, 10, 198.453900, 204.369400, 0.976064, 3.923481, '2026-05-29 15:53:36', 'ON', 'online'),
(7411, 11, 331.721700, 223.357700, 1.486010, 13.296220, '2026-05-29 15:53:53', 'ON', 'online'),
(7412, 10, 317.224800, 204.134700, 1.558236, 3.928783, '2026-05-29 15:54:36', 'ON', 'online'),
(7413, 11, 438.554800, 222.807900, 1.970130, 13.303530, '2026-05-29 15:54:53', 'ON', 'online'),
(7414, 10, 372.765400, 204.214400, 1.825683, 3.935000, '2026-05-29 15:55:36', 'ON', 'online'),
(7415, 11, 373.143300, 222.572100, 1.676399, 13.309760, '2026-05-29 15:55:53', 'ON', 'online'),
(7416, 10, 28.694650, 202.937000, 0.141474, 3.935479, '2026-05-29 15:56:36', 'ON', 'online'),
(7417, 11, 337.747000, 223.195000, 1.514596, 13.315390, '2026-05-29 15:56:53', 'ON', 'online'),
(7418, 10, 305.307600, 201.056100, 1.531384, 3.940570, '2026-05-29 15:57:41', 'ON', 'online'),
(7419, 10, 406.030400, 202.686000, 2.006651, 3.947366, '2026-05-29 15:58:40', 'ON', 'online'),
(7420, 11, 342.908400, 224.377700, 1.529338, 13.328190, '2026-05-29 15:59:01', 'ON', 'online'),
(7421, 10, 409.196600, 203.865200, 2.014172, 3.954191, '2026-05-29 15:59:40', 'ON', 'online'),
(7422, 11, 350.460500, 225.017300, 1.558888, 13.334030, '2026-05-29 16:00:01', 'ON', 'online'),
(7423, 10, 155.134100, 205.100600, 0.758991, 3.956778, '2026-05-29 16:00:40', 'ON', 'online'),
(7424, 11, 301.320900, 225.125500, 1.342009, 13.339060, '2026-05-29 16:01:01', 'ON', 'online'),
(7425, 10, 384.983600, 204.057600, 1.886625, 3.963197, '2026-05-29 16:01:40', 'ON', 'online'),
(7426, 11, 372.306800, 222.803600, 1.675552, 13.345260, '2026-05-29 16:02:01', 'ON', 'online'),
(7427, 10, 262.239600, 203.168900, 1.297250, 3.967571, '2026-05-29 16:02:40', 'ON', 'online'),
(7428, 11, 282.261200, 222.348900, 1.271238, 13.349970, '2026-05-29 16:03:01', 'ON', 'online'),
(7429, 10, 268.740400, 201.291500, 1.342342, 3.972053, '2026-05-29 16:03:43', 'ON', 'online'),
(7430, 11, 354.294200, 221.761200, 1.598161, 13.355880, '2026-05-29 16:04:06', 'ON', 'online'),
(7431, 10, 367.793500, 203.567600, 1.812583, 3.978412, '2026-05-29 16:04:43', 'ON', 'online'),
(7432, 11, 462.674700, 222.626700, 2.080153, 13.363890, '2026-05-29 16:05:05', 'ON', 'online'),
(7433, 10, 328.331400, 203.610400, 1.613054, 3.983888, '2026-05-29 16:05:43', 'ON', 'online'),
(7434, 11, 421.931500, 223.431700, 1.887662, 13.370920, '2026-05-29 16:06:06', 'ON', 'online'),
(7435, 10, 275.235000, 201.628200, 1.370326, 3.988478, '2026-05-29 16:06:43', 'ON', 'online'),
(7436, 11, 302.187500, 220.922900, 1.369573, 13.375960, '2026-05-29 16:07:06', 'ON', 'online'),
(7437, 10, 382.824400, 200.989300, 1.910681, 3.994861, '2026-05-29 16:07:43', 'ON', 'online'),
(7438, 11, 303.253700, 222.652900, 1.363453, 13.381020, '2026-05-29 16:08:06', 'ON', 'online'),
(7439, 10, 291.974700, 201.024700, 1.457158, 3.999731, '2026-05-29 16:08:43', 'ON', 'online'),
(7440, 11, 370.842600, 221.478200, 1.678449, 13.387210, '2026-05-29 16:09:08', 'ON', 'online'),
(7441, 10, 446.613000, 199.885700, 2.238707, 4.007178, '2026-05-29 16:09:43', 'ON', 'online'),
(7442, 11, 376.010900, 222.550500, 1.693071, 13.393680, '2026-05-29 16:10:08', 'ON', 'online'),
(7443, 10, 247.198700, 201.218800, 1.231385, 4.011300, '2026-05-29 16:10:43', 'ON', 'online'),
(7444, 11, 383.840700, 221.571300, 1.734206, 13.400080, '2026-05-29 16:11:08', 'ON', 'online'),
(7445, 10, 125.917100, 201.559100, 0.626021, 4.013400, '2026-05-29 16:11:43', 'ON', 'online'),
(7446, 11, 408.699000, 222.441100, 1.837749, 13.406890, '2026-05-29 16:12:08', 'ON', 'online'),
(7447, 10, 24.292880, 202.605700, 0.119917, 4.013805, '2026-05-29 16:12:43', 'ON', 'online'),
(7448, 11, 350.774700, 223.127700, 1.573892, 13.412740, '2026-05-29 16:13:08', 'ON', 'online'),
(7449, 10, 22.823050, 203.106300, 0.112390, 4.014186, '2026-05-29 16:13:43', 'ON', 'online'),
(7450, 11, 354.154500, 223.320900, 1.588241, 13.418650, '2026-05-29 16:14:08', 'ON', 'online'),
(7451, 10, 21.358000, 205.032000, 0.104258, 4.014543, '2026-05-29 16:14:43', 'ON', 'online'),
(7452, 11, 410.862800, 223.375200, 1.842864, 13.425500, '2026-05-29 16:15:11', 'ON', 'online'),
(7453, 10, 20.878330, 205.544900, 0.101640, 4.014892, '2026-05-29 16:15:46', 'ON', 'online'),
(7454, 11, 343.107400, 224.158000, 1.534995, 13.431520, '2026-05-29 16:16:10', 'ON', 'online'),
(7455, 10, 20.721050, 205.952700, 0.100638, 4.015249, '2026-05-29 16:16:45', 'ON', 'online'),
(7456, 11, 345.442000, 223.921100, 1.545613, 13.437280, '2026-05-29 16:17:10', 'ON', 'online'),
(7457, 10, 21.150910, 206.059600, 0.102750, 4.015602, '2026-05-29 16:17:45', 'ON', 'online'),
(7458, 11, 333.641100, 223.042300, 1.496713, 13.442840, '2026-05-29 16:18:11', 'ON', 'online'),
(7459, 10, 21.139660, 206.359600, 0.102595, 4.015954, '2026-05-29 16:18:45', 'ON', 'online'),
(7460, 11, 386.082900, 225.131800, 1.715273, 13.449280, '2026-05-29 16:19:11', 'ON', 'online'),
(7461, 10, 20.024020, 206.114900, 0.097226, 4.016287, '2026-05-29 16:19:48', 'ON', 'online'),
(7462, 11, 342.092400, 224.510800, 1.522399, 13.454990, '2026-05-29 16:20:11', 'ON', 'online'),
(7463, 10, 20.893940, 205.892400, 0.101498, 4.016650, '2026-05-29 16:20:48', 'ON', 'online'),
(7464, 11, 330.748200, 224.609900, 1.471310, 13.460510, '2026-05-29 16:21:11', 'ON', 'online'),
(7465, 10, 21.060750, 206.244600, 0.102184, 4.017002, '2026-05-29 16:21:51', 'ON', 'online'),
(7466, 11, 318.742200, 225.266900, 1.415158, 13.465820, '2026-05-29 16:22:11', 'ON', 'online'),
(7467, 10, 226.016600, 205.221500, 1.108530, 4.020784, '2026-05-29 16:22:50', 'ON', 'online'),
(7468, 11, 329.647000, 223.439200, 1.477833, 13.471320, '2026-05-29 16:23:11', 'ON', 'online'),
(7469, 10, 367.430500, 204.061600, 1.809867, 4.026911, '2026-05-29 16:23:50', 'ON', 'online');

-- --------------------------------------------------------

--
-- Struktur dari tabel `energy_data_daily`
--

CREATE TABLE `energy_data_daily` (
  `id` int(11) NOT NULL,
  `device_id` int(11) NOT NULL,
  `date` date NOT NULL,
  `total_energy_kwh` decimal(10,3) NOT NULL,
  `avg_power_w` decimal(10,3) NOT NULL,
  `min_power_w` decimal(10,3) NOT NULL,
  `max_power_w` decimal(10,3) NOT NULL
) ENGINE=InnoDB DEFAULT CHARSET=utf8mb4 COLLATE=utf8mb4_general_ci;

--
-- Dumping data untuk tabel `energy_data_daily`
--

INSERT INTO `energy_data_daily` (`id`, `device_id`, `date`, `total_energy_kwh`, `avg_power_w`, `min_power_w`, `max_power_w`) VALUES
(112, 10, '2026-05-26', 0.535, 198.926, 0.000, 628.540),
(113, 11, '2026-05-26', 0.420, 273.373, 7.632, 723.504),
(140, 10, '2026-05-28', 1.640, 248.874, 0.000, 631.256),
(141, 11, '2026-05-28', 2.492, 357.450, 224.663, 742.713),
(159, 10, '2026-05-29', 1.054, 255.376, 14.684, 657.644),
(160, 11, '2026-05-29', 2.421, 361.175, 13.437, 685.440);

-- --------------------------------------------------------

--
-- Struktur dari tabel `energy_data_hourly`
--

CREATE TABLE `energy_data_hourly` (
  `id` int(11) NOT NULL,
  `device_id` int(11) NOT NULL,
  `timestamp` datetime NOT NULL,
  `total_energy_kwh` decimal(10,3) NOT NULL,
  `avg_power_w` decimal(10,3) NOT NULL,
  `min_power_w` decimal(10,3) NOT NULL,
  `max_power_w` decimal(10,3) NOT NULL
) ENGINE=InnoDB DEFAULT CHARSET=utf8mb4 COLLATE=utf8mb4_general_ci;

--
-- Dumping data untuk tabel `energy_data_hourly`
--

INSERT INTO `energy_data_hourly` (`id`, `device_id`, `timestamp`, `total_energy_kwh`, `avg_power_w`, `min_power_w`, `max_power_w`) VALUES
(128, 10, '2026-05-26 09:00:00', 0.000, 0.000, 0.000, 0.000),
(130, 10, '2026-05-26 10:00:00', 0.040, 249.579, 53.828, 440.064),
(133, 10, '2026-05-26 12:00:00', 0.001, 51.558, 51.535, 51.582),
(135, 10, '2026-05-26 13:00:00', 0.007, 416.704, 415.267, 418.142),
(138, 11, '2026-05-26 13:00:00', 0.000, 435.339, 435.339, 435.339),
(139, 10, '2026-05-26 14:00:00', 0.112, 217.197, 0.000, 608.029),
(140, 11, '2026-05-26 14:00:00', 0.189, 362.384, 274.749, 434.041),
(146, 10, '2026-05-26 15:00:00', 0.307, 307.051, 31.296, 628.540),
(147, 11, '2026-05-26 15:00:00', 0.152, 154.590, 7.632, 420.896),
(150, 10, '2026-05-26 16:00:00', 0.068, 150.395, 0.000, 537.147),
(151, 11, '2026-05-26 16:00:00', 0.079, 141.179, 8.175, 723.504),
(152, 11, '2026-05-28 08:00:00', 0.148, 434.443, 224.663, 742.713),
(153, 11, '2026-05-28 09:00:00', 0.337, 348.934, 254.763, 470.483),
(157, 10, '2026-05-28 09:00:00', 0.069, 271.597, 43.043, 499.240),
(161, 10, '2026-05-28 10:00:00', 0.270, 267.343, 0.000, 538.622),
(162, 11, '2026-05-28 10:00:00', 0.342, 348.483, 273.877, 591.367),
(167, 10, '2026-05-28 11:00:00', 0.174, 168.385, 0.000, 486.196),
(168, 11, '2026-05-28 11:00:00', 0.336, 342.280, 254.097, 415.991),
(173, 10, '2026-05-28 12:00:00', 0.173, 166.872, 0.000, 631.256),
(174, 11, '2026-05-28 12:00:00', 0.326, 329.111, 248.130, 405.828),
(179, 10, '2026-05-28 13:00:00', 0.278, 284.407, 86.077, 491.875),
(180, 11, '2026-05-28 13:00:00', 0.341, 349.719, 276.429, 429.420),
(185, 10, '2026-05-28 14:00:00', 0.247, 246.936, 19.161, 606.473),
(186, 11, '2026-05-28 14:00:00', 0.354, 351.467, 256.864, 457.898),
(192, 10, '2026-05-28 15:00:00', 0.268, 275.694, 41.499, 477.297),
(193, 11, '2026-05-28 15:00:00', 0.308, 355.164, 290.253, 440.783),
(196, 10, '2026-05-28 16:00:00', 0.161, 309.760, 21.704, 622.639),
(197, 10, '2026-05-29 08:00:00', 0.207, 242.235, 19.387, 657.644),
(198, 10, '2026-05-29 09:00:00', 0.275, 295.802, 30.945, 543.627),
(199, 10, '2026-05-29 10:00:00', 0.286, 296.947, 23.341, 583.991),
(200, 11, '2026-05-29 09:00:00', 0.234, 437.356, 322.778, 685.440),
(201, 11, '2026-05-29 10:00:00', 0.335, 346.107, 288.064, 405.939),
(204, 10, '2026-05-29 11:00:00', 0.140, 232.501, 14.684, 518.865),
(205, 11, '2026-05-29 11:00:00', 0.201, 324.318, 13.437, 668.773),
(211, 11, '2026-05-29 13:00:00', 0.817, 352.428, 294.580, 412.839),
(215, 11, '2026-05-29 14:00:00', 0.348, 352.990, 284.592, 431.270),
(219, 11, '2026-05-29 15:00:00', 0.349, 359.386, 263.624, 453.028),
(221, 10, '2026-05-29 15:00:00', 0.076, 283.738, 28.695, 496.322),
(222, 10, '2026-05-29 16:00:00', 0.070, 181.032, 20.024, 446.613),
(223, 11, '2026-05-29 16:00:00', 0.137, 355.641, 282.261, 462.675);

-- --------------------------------------------------------

--
-- Struktur dari tabel `settings`
--

CREATE TABLE `settings` (
  `id` int(11) NOT NULL,
  `setting_key` varchar(255) NOT NULL,
  `setting_value` text DEFAULT NULL,
  `user_id` int(11) DEFAULT NULL,
  `created_at` timestamp NOT NULL DEFAULT current_timestamp(),
  `updated_at` timestamp NOT NULL DEFAULT current_timestamp() ON UPDATE current_timestamp()
) ENGINE=InnoDB DEFAULT CHARSET=utf8mb4 COLLATE=utf8mb4_general_ci;

--
-- Dumping data untuk tabel `settings`
--

INSERT INTO `settings` (`id`, `setting_key`, `setting_value`, `user_id`, `created_at`, `updated_at`) VALUES
(1, 'kwh_rate', '1444.70', NULL, '2026-05-19 03:41:45', '2026-05-19 03:41:45'),
(2, 'fixed_monthly_charge', '0', NULL, '2026-05-19 03:41:45', '2026-05-19 03:41:45'),
(3, 'has_time_of_use_tariff', 'false', NULL, '2026-05-19 03:41:45', '2026-05-19 03:41:45'),
(4, 'peak_hour_rate_multiplier', '1.5', NULL, '2026-05-19 03:41:45', '2026-05-19 03:41:45'),
(5, 'peak_hour_start', '08:00', NULL, '2026-05-19 03:41:45', '2026-05-19 03:42:11'),
(6, 'peak_hour_end', '16:00', NULL, '2026-05-19 03:41:45', '2026-05-19 03:43:12');

-- --------------------------------------------------------

--
-- Struktur dari tabel `users`
--

CREATE TABLE `users` (
  `id` int(11) NOT NULL,
  `username` varchar(50) NOT NULL,
  `email` varchar(100) NOT NULL,
  `password_hash` varchar(255) NOT NULL,
  `full_name` varchar(100) DEFAULT NULL,
  `company` varchar(100) DEFAULT NULL,
  `phone` varchar(20) DEFAULT NULL,
  `is_active` tinyint(1) DEFAULT 1,
  `created_at` datetime DEFAULT current_timestamp(),
  `last_login` datetime DEFAULT NULL
) ENGINE=InnoDB DEFAULT CHARSET=utf8mb4 COLLATE=utf8mb4_general_ci;

--
-- Dumping data untuk tabel `users`
--

INSERT INTO `users` (`id`, `username`, `email`, `password_hash`, `full_name`, `company`, `phone`, `is_active`, `created_at`, `last_login`) VALUES
(1, 'admin', 'admin@example.com', '$2y$10$YourHashHere', 'Administrator', NULL, NULL, 1, '2026-04-18 22:30:37', NULL),
(3, 'tes', 'tes@tes.com', '$2y$10$WTX2JnNRoIgBwj4XirnxjevmqDNFRyfgi89g27bYfD8gOLhgjo47i', 'tes', 'tes', '123', 1, '2026-04-18 22:57:03', NULL),
(4, 'prima', 'prima@tes.com', '$2y$10$NVj.FwoPxgtMu8F3cHUi9u0jS6EOHV3Lg5ocyzGsRah677iB9DXLK', 'prima', 'prima', '123', 1, '2026-04-18 23:02:14', '2026-05-29 08:25:52');

-- --------------------------------------------------------

--
-- Struktur dari tabel `user_sessions`
--

CREATE TABLE `user_sessions` (
  `id` int(11) NOT NULL,
  `user_id` int(11) NOT NULL,
  `session_token` varchar(64) NOT NULL,
  `ip_address` varchar(45) DEFAULT NULL,
  `user_agent` text DEFAULT NULL,
  `created_at` datetime DEFAULT current_timestamp(),
  `expires_at` datetime NOT NULL,
  `is_active` tinyint(1) DEFAULT 1
) ENGINE=InnoDB DEFAULT CHARSET=utf8mb4 COLLATE=utf8mb4_general_ci;

--
-- Dumping data untuk tabel `user_sessions`
--

INSERT INTO `user_sessions` (`id`, `user_id`, `session_token`, `ip_address`, `user_agent`, `created_at`, `expires_at`, `is_active`) VALUES
(1, 4, '3e7bd70d94212a81f15dcbf4fd5601a3e9e16e40eab88613f59235c0cf78577b', '::1', 'Mozilla/5.0 (Windows NT 10.0; Win64; x64) AppleWebKit/537.36 (KHTML, like Gecko) Chrome/147.0.0.0 Safari/537.36', '2026-04-18 23:02:25', '2026-04-25 18:02:25', 0),
(2, 4, '93dd075d24f4fc071e9844d116b478b358b0b48173f1a058b088ee1b9baa9666', '::1', 'Mozilla/5.0 (Windows NT 10.0; Win64; x64) AppleWebKit/537.36 (KHTML, like Gecko) Chrome/147.0.0.0 Safari/537.36', '2026-04-18 23:20:05', '2026-04-25 18:20:05', 0),
(3, 4, 'da412265a7805da5f68e3ac62c0617243ae8fb6303f1bcdf43818dcf4335f218', '::1', 'Mozilla/5.0 (Windows NT 10.0; Win64; x64) AppleWebKit/537.36 (KHTML, like Gecko) Chrome/147.0.0.0 Safari/537.36', '2026-04-19 10:52:25', '2026-04-26 05:52:25', 0),
(4, 4, 'cf86587571213081d372c31d146d98638d8135817dea6bbad23f241325d9d264', '::1', 'Mozilla/5.0 (Windows NT 10.0; Win64; x64) AppleWebKit/537.36 (KHTML, like Gecko) Chrome/147.0.0.0 Safari/537.36', '2026-04-19 10:59:08', '2026-04-26 05:59:08', 1),
(5, 4, '2d73345567dd34243c19afbae25107bc8e43fc15aeaf09f9bbe50b491d4841c7', '::1', 'Mozilla/5.0 (Windows NT 10.0; Win64; x64) AppleWebKit/537.36 (KHTML, like Gecko) Chrome/147.0.0.0 Safari/537.36', '2026-05-07 10:53:42', '2026-05-14 05:53:42', 0),
(6, 4, '1934de4068f00e9141e6cc98d7edf677a0feefcc8c5cc7823aaec29aac37280d', '::1', 'Mozilla/5.0 (Windows NT 10.0; Win64; x64) AppleWebKit/537.36 (KHTML, like Gecko) Chrome/147.0.0.0 Safari/537.36', '2026-05-08 13:20:35', '2026-05-15 08:20:35', 0),
(7, 4, 'c805f0260bd170779710c0c85020f35e9748594c7d8591d5ce37e31ea6801b6f', '192.168.0.119', 'Mozilla/5.0 (iPhone; CPU iPhone OS 18_7 like Mac OS X) AppleWebKit/605.1.15 (KHTML, like Gecko) Version/26.4 Mobile/15E148 Safari/604.1', '2026-05-08 13:40:35', '2026-05-15 08:40:35', 1),
(8, 4, '4ec1f996ab1afc967ea6871c21df3180e3c640d6195f0d270b372c085d18ea56', '::1', 'Mozilla/5.0 (Windows NT 10.0; Win64; x64) AppleWebKit/537.36 (KHTML, like Gecko) Chrome/147.0.0.0 Safari/537.36', '2026-05-11 12:59:03', '2026-05-18 07:59:03', 0),
(9, 4, '6ec78507ef42134d57b07be2cd7f7123e07d6d100be2e024f693cd92cbf502fa', '::1', 'Mozilla/5.0 (Windows NT 10.0; Win64; x64) AppleWebKit/537.36 (KHTML, like Gecko) Chrome/147.0.0.0 Safari/537.36', '2026-05-12 10:23:38', '2026-05-19 05:23:38', 0),
(10, 4, '1850aa051ba45e6823f1b369a0289966bf30633ef4a2cd45d31458b37fb70d81', '::1', 'Mozilla/5.0 (Windows NT 10.0; Win64; x64) AppleWebKit/537.36 (KHTML, like Gecko) Chrome/148.0.0.0 Safari/537.36', '2026-05-13 13:16:52', '2026-05-20 08:16:52', 0),
(11, 4, 'f9800c3e022cd4d49c1fcc31bb5afe8b1079efe3dcac840e5f544d201602284c', '::1', 'Mozilla/5.0 (Windows NT 10.0; Win64; x64) AppleWebKit/537.36 (KHTML, like Gecko) Chrome/148.0.0.0 Safari/537.36 Edg/148.0.0.0', '2026-05-18 13:14:12', '2026-05-25 08:14:12', 1),
(12, 4, '9014d2e65afef0d149ba76dd23b652a8b5951f8766cc2dc3ca0c3fa999c19dc4', '192.168.0.125', 'Mozilla/5.0 (iPhone; CPU iPhone OS 18_7 like Mac OS X) AppleWebKit/605.1.15 (KHTML, like Gecko) Version/26.4 Mobile/15E148 Safari/604.1', '2026-05-18 14:12:23', '2026-05-25 09:12:23', 1),
(13, 4, '0a9069dd66451e5041939b411f6e1f9e1ec729189e724acc994cf8c89ed55c3d', '::1', 'Mozilla/5.0 (Windows NT 10.0; Win64; x64) AppleWebKit/537.36 (KHTML, like Gecko) Chrome/148.0.0.0 Safari/537.36', '2026-05-18 16:36:10', '2026-05-25 11:36:10', 0),
(14, 4, 'aa9f43e318ddd121ef4adc21f622b5afad1137dc95af62298615287df55b9218', '::1', 'Mozilla/5.0 (Windows NT 10.0; Win64; x64) AppleWebKit/537.36 (KHTML, like Gecko) Chrome/148.0.0.0 Safari/537.36', '2026-05-19 08:37:34', '2026-05-26 03:37:34', 0),
(15, 4, '5ae3919023155078070421addd422a5ff15d4bccf2504318fac3f6a26e5e807d', '::1', 'Mozilla/5.0 (Windows NT 10.0; Win64; x64) AppleWebKit/537.36 (KHTML, like Gecko) Chrome/148.0.0.0 Safari/537.36', '2026-05-19 12:22:56', '2026-05-26 07:22:56', 1),
(16, 4, '85b14cda89cfa891c519e18db832396c2ff41d70d4190d553e1931e1c2bda603', '::1', 'Mozilla/5.0 (Windows NT 10.0; Win64; x64) AppleWebKit/537.36 (KHTML, like Gecko) Chrome/148.0.0.0 Safari/537.36', '2026-05-19 13:17:17', '2026-05-26 08:17:17', 1),
(17, 4, 'd4445cf34dd54d90add08c2e9c58a8ce61b75d79e827d23659a12a211c5262dc', '::1', 'Mozilla/5.0 (Windows NT 10.0; Win64; x64) AppleWebKit/537.36 (KHTML, like Gecko) Chrome/148.0.0.0 Safari/537.36', '2026-05-20 07:43:04', '2026-05-27 07:43:04', 1),
(18, 4, '262789376a0ed70a122201dd548f6f235ac5e798f95e815ffecb5be3bebdeb67', '::1', 'Mozilla/5.0 (Windows NT 10.0; Win64; x64) AppleWebKit/537.36 (KHTML, like Gecko) Chrome/148.0.0.0 Safari/537.36 Edg/148.0.0.0', '2026-05-25 14:30:49', '2026-06-01 14:30:49', 0),
(19, 4, 'ef4ac36ae778cab685b81828372260411d6b18772a62c4817fd878978e12a139', '192.168.0.125', 'Mozilla/5.0 (iPhone; CPU iPhone OS 18_7 like Mac OS X) AppleWebKit/605.1.15 (KHTML, like Gecko) Version/26.4 Mobile/15E148 Safari/604.1', '2026-05-25 14:38:44', '2026-06-01 14:38:44', 1),
(20, 4, '8cf45fa6259e2d1bf858eb5ccc5ce279d7bc1bf9415b565bc7388eb6bca90993', '192.168.0.125', 'Mozilla/5.0 (Windows NT 10.0; Win64; x64) AppleWebKit/537.36 (KHTML, like Gecko) Chrome/148.0.0.0 Safari/537.36', '2026-05-25 16:08:32', '2026-06-01 16:08:32', 1),
(21, 4, '5aadf9e0e6e8214681542eec344f9a68e99f80c2aa28139facf135ed8ad52b6a', '::1', 'Mozilla/5.0 (Windows NT 10.0; Win64; x64) AppleWebKit/537.36 (KHTML, like Gecko) Chrome/148.0.0.0 Safari/537.36 Edg/148.0.0.0', '2026-05-26 07:45:09', '2026-06-02 07:45:09', 1),
(22, 4, 'a909e6284137e33b52236e8a001a488cee725ba65ae938db4fcb2aea46f0c19e', '::1', 'Mozilla/5.0 (Windows NT 10.0; Win64; x64) AppleWebKit/537.36 (KHTML, like Gecko) Chrome/148.0.0.0 Safari/537.36', '2026-05-28 09:06:27', '2026-06-04 09:06:27', 1),
(23, 4, 'c31ea8f3bb937e0c62afd9b8cf8721af9ae3c6a53ae914fe2368045f583a1207', '::1', 'Mozilla/5.0 (Windows NT 10.0; Win64; x64) AppleWebKit/537.36 (KHTML, like Gecko) Chrome/148.0.0.0 Safari/537.36', '2026-05-29 08:25:52', '2026-06-05 08:25:52', 1);

--
-- Indexes for dumped tables
--

--
-- Indeks untuk tabel `ai_daily_insights`
--
ALTER TABLE `ai_daily_insights`
  ADD PRIMARY KEY (`id`),
  ADD UNIQUE KEY `user_date_unique` (`user_id`,`generated_date`);

--
-- Indeks untuk tabel `alerts`
--
ALTER TABLE `alerts`
  ADD PRIMARY KEY (`id`),
  ADD KEY `user_id` (`user_id`),
  ADD KEY `device_id` (`device_id`);

--
-- Indeks untuk tabel `devices`
--
ALTER TABLE `devices`
  ADD PRIMARY KEY (`id`),
  ADD UNIQUE KEY `device_id` (`device_id`),
  ADD UNIQUE KEY `api_key` (`api_key`),
  ADD KEY `idx_device_id` (`device_id`),
  ADD KEY `idx_user_id` (`user_id`),
  ADD KEY `idxuser_id` (`user_id`);

--
-- Indeks untuk tabel `device_registration_codes`
--
ALTER TABLE `device_registration_codes`
  ADD PRIMARY KEY (`id`),
  ADD UNIQUE KEY `registration_code` (`registration_code`),
  ADD KEY `idx_registration_code` (`registration_code`),
  ADD KEY `idx_user_id` (`user_id`);

--
-- Indeks untuk tabel `energy_data`
--
ALTER TABLE `energy_data`
  ADD PRIMARY KEY (`id`),
  ADD KEY `device_id` (`device_id`),
  ADD KEY `idx_device_created` (`device_id`,`created_at`),
  ADD KEY `idx_created_at` (`created_at`),
  ADD KEY `id_device_created` (`device_id`,`created_at`),
  ADD KEY `id_created_at` (`created_at`),
  ADD KEY `idx_energy_data_created_at` (`created_at`),
  ADD KEY `idx_energy_data_device_id_created_at` (`device_id`,`created_at`);

--
-- Indeks untuk tabel `energy_data_daily`
--
ALTER TABLE `energy_data_daily`
  ADD PRIMARY KEY (`id`),
  ADD UNIQUE KEY `unique_device_date` (`device_id`,`date`);

--
-- Indeks untuk tabel `energy_data_hourly`
--
ALTER TABLE `energy_data_hourly`
  ADD PRIMARY KEY (`id`),
  ADD UNIQUE KEY `unique_device_hour` (`device_id`,`timestamp`);

--
-- Indeks untuk tabel `settings`
--
ALTER TABLE `settings`
  ADD PRIMARY KEY (`id`),
  ADD UNIQUE KEY `setting_key` (`setting_key`);

--
-- Indeks untuk tabel `users`
--
ALTER TABLE `users`
  ADD PRIMARY KEY (`id`),
  ADD UNIQUE KEY `username` (`username`),
  ADD UNIQUE KEY `email` (`email`),
  ADD KEY `idx_username` (`username`),
  ADD KEY `idx_email` (`email`);

--
-- Indeks untuk tabel `user_sessions`
--
ALTER TABLE `user_sessions`
  ADD PRIMARY KEY (`id`),
  ADD UNIQUE KEY `session_token` (`session_token`),
  ADD KEY `idx_session_token` (`session_token`),
  ADD KEY `idx_user_id` (`user_id`);

--
-- AUTO_INCREMENT untuk tabel yang dibuang
--

--
-- AUTO_INCREMENT untuk tabel `ai_daily_insights`
--
ALTER TABLE `ai_daily_insights`
  MODIFY `id` int(11) NOT NULL AUTO_INCREMENT;

--
-- AUTO_INCREMENT untuk tabel `alerts`
--
ALTER TABLE `alerts`
  MODIFY `id` int(11) NOT NULL AUTO_INCREMENT, AUTO_INCREMENT=3;

--
-- AUTO_INCREMENT untuk tabel `devices`
--
ALTER TABLE `devices`
  MODIFY `id` int(11) NOT NULL AUTO_INCREMENT, AUTO_INCREMENT=12;

--
-- AUTO_INCREMENT untuk tabel `device_registration_codes`
--
ALTER TABLE `device_registration_codes`
  MODIFY `id` int(11) NOT NULL AUTO_INCREMENT, AUTO_INCREMENT=2;

--
-- AUTO_INCREMENT untuk tabel `energy_data`
--
ALTER TABLE `energy_data`
  MODIFY `id` int(11) NOT NULL AUTO_INCREMENT, AUTO_INCREMENT=7470;

--
-- AUTO_INCREMENT untuk tabel `energy_data_daily`
--
ALTER TABLE `energy_data_daily`
  MODIFY `id` int(11) NOT NULL AUTO_INCREMENT, AUTO_INCREMENT=181;

--
-- AUTO_INCREMENT untuk tabel `energy_data_hourly`
--
ALTER TABLE `energy_data_hourly`
  MODIFY `id` int(11) NOT NULL AUTO_INCREMENT, AUTO_INCREMENT=243;

--
-- AUTO_INCREMENT untuk tabel `settings`
--
ALTER TABLE `settings`
  MODIFY `id` int(11) NOT NULL AUTO_INCREMENT, AUTO_INCREMENT=7;

--
-- AUTO_INCREMENT untuk tabel `users`
--
ALTER TABLE `users`
  MODIFY `id` int(11) NOT NULL AUTO_INCREMENT, AUTO_INCREMENT=5;

--
-- AUTO_INCREMENT untuk tabel `user_sessions`
--
ALTER TABLE `user_sessions`
  MODIFY `id` int(11) NOT NULL AUTO_INCREMENT, AUTO_INCREMENT=24;

--
-- Ketidakleluasaan untuk tabel pelimpahan (Dumped Tables)
--

--
-- Ketidakleluasaan untuk tabel `ai_daily_insights`
--
ALTER TABLE `ai_daily_insights`
  ADD CONSTRAINT `ai_daily_insights_ibfk_1` FOREIGN KEY (`user_id`) REFERENCES `users` (`id`) ON DELETE CASCADE;

--
-- Ketidakleluasaan untuk tabel `alerts`
--
ALTER TABLE `alerts`
  ADD CONSTRAINT `alerts_ibfk_1` FOREIGN KEY (`user_id`) REFERENCES `users` (`id`) ON DELETE CASCADE,
  ADD CONSTRAINT `alerts_ibfk_2` FOREIGN KEY (`device_id`) REFERENCES `devices` (`id`) ON DELETE SET NULL;

--
-- Ketidakleluasaan untuk tabel `devices`
--
ALTER TABLE `devices`
  ADD CONSTRAINT `devices_ibfk_1` FOREIGN KEY (`user_id`) REFERENCES `users` (`id`) ON DELETE CASCADE;

--
-- Ketidakleluasaan untuk tabel `device_registration_codes`
--
ALTER TABLE `device_registration_codes`
  ADD CONSTRAINT `device_registration_codes_ibfk_1` FOREIGN KEY (`user_id`) REFERENCES `users` (`id`) ON DELETE CASCADE;

--
-- Ketidakleluasaan untuk tabel `energy_data`
--
ALTER TABLE `energy_data`
  ADD CONSTRAINT `energy_data_ibfk_1` FOREIGN KEY (`device_id`) REFERENCES `devices` (`id`) ON DELETE CASCADE;

--
-- Ketidakleluasaan untuk tabel `energy_data_daily`
--
ALTER TABLE `energy_data_daily`
  ADD CONSTRAINT `energy_data_daily_ibfk_1` FOREIGN KEY (`device_id`) REFERENCES `devices` (`id`) ON DELETE CASCADE;

--
-- Ketidakleluasaan untuk tabel `energy_data_hourly`
--
ALTER TABLE `energy_data_hourly`
  ADD CONSTRAINT `energy_data_hourly_ibfk_1` FOREIGN KEY (`device_id`) REFERENCES `devices` (`id`) ON DELETE CASCADE;

--
-- Ketidakleluasaan untuk tabel `user_sessions`
--
ALTER TABLE `user_sessions`
  ADD CONSTRAINT `user_sessions_ibfk_1` FOREIGN KEY (`user_id`) REFERENCES `users` (`id`) ON DELETE CASCADE;
COMMIT;

/*!40101 SET CHARACTER_SET_CLIENT=@OLD_CHARACTER_SET_CLIENT */;
/*!40101 SET CHARACTER_SET_RESULTS=@OLD_CHARACTER_SET_RESULTS */;
/*!40101 SET COLLATION_CONNECTION=@OLD_COLLATION_CONNECTION */;
